account_id,customer_id,product_id,branch_id,open_date,account_status
A000000001,C00000986,P003,BR0038,2026-07-06,open
A000000002,C00000250,P001,BR0019,2026-07-06,open
A000000003,C00000492,P005,BR0085,2021-07-16,open
A000000004,C00000538,P002,BR0085,2020-09-11,open
A000000005,C00000330,P002,BR0075,2023-01-31,open
A000000006,C00000439,P001,BR0058,2021-10-30,open
A000000007,C00000472,P004,BR0027,2026-07-27,open
A000000008,C00000474,P004,BR0041,2022-04-17,open
A000000009,C00000718,P002,BR0007,2019-04-22,open
A000000010,C00000581,P006,BR0025,2019-12-17,open
A000000011,C00000054,P006,BR0046,2019-07-28,closed
A000000012,C00000007,P001,BR0044,2021-12-07,open
A000000013,C00000411,P005,BR0009,2021-06-05,open
A000000014,C00000908,P002,BR0096,2025-07-26,open
A000000015,C00000037,P008,BR0027,2025-10-29,open
A000000016,C00000072,P001,BR0051,2020-01-29,open
A000000017,C00000680,P001,BR0047,2026-03-29,open
A000000018,C00000451,P002,BR0047,2023-06-24,open
A000000019,C00000231,P001,BR0085,2021-05-09,open
A000000020,C00000208,P005,BR0075,2022-02-12,open
A000000021,C00000666,P002,BR0087,2022-05-20,open
A000000022,C00000524,P001,BR0038,2020-04-22,open
A000000023,C00000639,P003,BR0027,2025-08-25,open
A000000024,C00000281,P007,BR0043,2019-02-04,open
A000000025,C00000527,P006,BR0057,2019-07-15,open
A000000026,C00000861,P002,BR0034,2021-02-04,open
A000000027,C00000317,P001,BR0047,2020-02-07,open
A000000028,C00000397,P001,BR0016,2019-06-23,open
A000000029,C00000164,P007,BR0059,2021-12-09,open
A000000030,C00000639,P005,BR0072,2021-11-20,open
A000000031,C00000033,P003,BR0053,2019-12-18,open
A000000032,C00000249,P007,BR0088,2025-03-18,open
A000000033,C00000714,P001,BR0100,2025-10-07,open
A000000034,C00000020,P005,BR0091,2024-07-08,closed
A000000035,C00000990,P001,BR0010,2023-01-02,open
A000000036,C00000405,P001,BR0089,2026-04-06,open
A000000037,C00000399,P002,BR0034,2021-09-08,open
A000000038,C00000537,P002,BR0046,2022-04-10,open
A000000039,C00000640,P008,BR0042,2019-02-12,open
A000000040,C00000460,P002,BR0029,2024-06-04,open
A000000041,C00000885,P006,BR0088,2019-09-16,open
A000000042,C00000963,P005,BR0064,2024-02-06,open
A000000043,C00000201,P005,BR0097,2024-12-30,open
A000000044,C00000707,P008,BR0096,2020-08-30,blocked
A000000045,C00000301,P002,BR0042,2023-09-10,open
A000000046,C00000996,P002,BR0073,2021-04-30,open
A000000047,C00000254,P001,BR0051,2022-01-20,open
A000000048,C00000296,P001,BR0050,2023-01-23,open
A000000049,C00000715,P007,BR0074,2020-11-29,open
A000000050,C00000790,P002,BR0069,2025-02-08,blocked
A000000051,C00000129,P002,BR0092,2022-01-09,open
A000000052,C00000556,P001,BR0078,2022-07-17,open
A000000053,C00000346,P002,BR0063,2025-03-31,open
A000000054,C00000612,P005,BR0092,2020-09-29,open
A000000055,C00000557,P001,BR0011,2022-06-20,open
A000000056,C00000986,P005,BR0077,2026-08-13,closed
A000000057,C00000934,P004,BR0040,2022-01-24,open
A000000058,C00000654,P006,BR0044,2019-11-20,open
A000000059,C00000680,P001,BR0079,2021-03-07,open
A000000060,C00000899,P004,BR0028,2026-04-30,open
A000000061,C00000184,P001,BR0089,2024-10-26,open
A000000062,C00000726,P002,BR0050,2025-03-15,open
A000000063,C00000773,P005,BR0035,2020-12-10,open
A000000064,C00000128,P004,BR0033,2025-06-06,open
A000000065,C00000882,P001,BR0043,2022-01-06,open
A000000066,C00000700,P006,BR0095,2025-02-03,open
A000000067,C00000348,P001,BR0011,2025-10-02,open
A000000068,C00000485,P004,BR0051,2020-08-05,open
A000000069,C00000490,P008,BR0084,2026-03-12,open
A000000070,C00000919,P003,BR0048,2023-11-07,open
A000000071,C00000970,P006,BR0057,2024-08-08,open
A000000072,C00000807,P004,BR0035,2024-10-19,open
A000000073,C00000653,P006,BR0014,2020-04-16,open
A000000074,C00000105,P004,BR0064,2024-09-18,open
A000000075,C00000915,P005,BR0092,2020-08-19,open
A000000076,C00000134,P001,BR0053,2021-01-30,open
A000000077,C00000167,P005,BR0044,2019-11-23,open
A000000078,C00000070,P001,BR0013,2020-05-22,open
A000000079,C00000948,P008,BR0095,2026-07-03,open
A000000080,C00000494,P001,BR0087,2021-07-07,open
A000000081,C00000236,P001,BR0091,2021-12-19,open
A000000082,C00000081,P006,BR0036,2022-09-05,open
A000000083,C00000412,P001,BR0063,2024-06-19,open
A000000084,C00000724,P002,BR0044,2023-05-26,open
A000000085,C00000995,P005,BR0024,2023-02-10,open
A000000086,C00000553,P001,BR0021,2025-06-01,open
A000000087,C00000608,P001,BR0039,2022-10-20,open
A000000088,C00000836,P002,BR0056,2024-11-23,open
A000000089,C00000902,P001,BR0013,2025-12-25,open
A000000090,C00000280,P001,BR0071,2024-03-08,open
A000000091,C00000992,P001,BR0046,2019-04-09,open
A000000092,C00000520,P002,BR0089,2021-01-07,open
A000000093,C00000931,P002,BR0028,2023-09-26,open
A000000094,C00000118,P001,BR0006,2022-09-02,open
A000000095,C00000098,P004,BR0032,2021-03-08,open
A000000096,C00000885,P004,BR0098,2021-07-28,open
A000000097,C00000673,P001,BR0033,2019-08-08,open
A000000098,C00000176,P002,BR0071,2020-10-19,open
A000000099,C00000895,P007,BR0085,2024-12-31,open
A000000100,C00000103,P004,BR0029,2019-01-29,open
A000000101,C00000683,P002,BR0065,2025-06-01,open
A000000102,C00000206,P002,BR0021,2021-08-08,open
A000000103,C00000071,P001,BR0037,2025-03-12,open
A000000104,C00000807,P006,BR0030,2020-12-18,blocked
A000000105,C00000848,P007,BR0068,2025-05-09,closed
A000000106,C00000106,P007,BR0088,2023-05-21,open
A000000107,C00000094,P001,BR0026,2025-07-12,open
A000000108,C00000615,P002,BR0030,2019-06-24,open
A000000109,C00000029,P001,BR0083,2025-02-10,open
A000000110,C00000747,P002,BR0047,2021-01-27,open
A000000111,C00000916,P002,BR0052,2021-10-01,open
A000000112,C00000752,P004,BR0071,2019-05-06,open
A000000113,C00000231,P001,BR0014,2026-04-25,open
A000000114,C00000191,P007,BR0088,2023-12-01,open
A000000115,C00000681,P001,BR0037,2026-07-09,open
A000000116,C00000062,P001,BR0066,2023-05-10,open
A000000117,C00000538,P006,BR0044,2020-03-18,open
A000000118,C00000449,P005,BR0076,2021-08-02,open
A000000119,C00000745,P002,BR0062,2022-05-16,open
A000000120,C00000203,P004,BR0018,2020-02-17,open
A000000121,C00000763,P001,BR0019,2026-02-21,open
A000000122,C00000700,P001,BR0088,2026-05-06,open
A000000123,C00000239,P002,BR0052,2023-04-27,open
A000000124,C00000357,P002,BR0028,2023-06-25,closed
A000000125,C00000067,P004,BR0015,2024-05-23,open
A000000126,C00000450,P001,BR0013,2024-03-16,open
A000000127,C00000261,P005,BR0092,2019-06-25,open
A000000128,C00000114,P005,BR0098,2023-01-27,closed
A000000129,C00000560,P001,BR0040,2024-12-15,open
A000000130,C00000568,P001,BR0021,2025-03-08,closed
A000000131,C00000086,P002,BR0042,2023-07-27,open
A000000132,C00000186,P005,BR0014,2025-11-14,open
A000000133,C00000083,P004,BR0055,2023-06-30,open
A000000134,C00000679,P005,BR0063,2021-12-07,open
A000000135,C00000339,P002,BR0099,2022-05-24,open
A000000136,C00000072,P001,BR0032,2024-04-16,blocked
A000000137,C00000192,P003,BR0020,2025-10-18,open
A000000138,C00000976,P001,BR0014,2020-10-05,open
A000000139,C00000256,P005,BR0038,2021-04-01,open
A000000140,C00000685,P001,BR0061,2023-12-31,open
A000000141,C00000469,P001,BR0007,2024-11-07,blocked
A000000142,C00000182,P003,BR0076,2022-01-22,open
A000000143,C00000308,P002,BR0047,2023-12-06,open
A000000144,C00000015,P004,BR0080,2019-01-19,closed
A000000145,C00000747,P002,BR0047,2021-03-27,open
A000000146,C00000335,P007,BR0016,2026-04-29,open
A000000147,C00000500,P006,BR0003,2023-06-03,open
A000000148,C00000153,P007,BR0056,2025-08-28,open
A000000149,C00000825,P004,BR0054,2020-09-01,open
A000000150,C00000219,P004,BR0082,2021-03-25,open
A000000151,C00000567,P004,BR0088,2026-06-22,open
A000000152,C00000873,P002,BR0017,2026-08-25,open
A000000153,C00000714,P002,BR0032,2025-09-21,open
A000000154,C00000604,P004,BR0021,2021-06-06,open
A000000155,C00000889,P001,BR0011,2025-02-22,open
A000000156,C00000177,P001,BR0001,2022-07-08,open
A000000157,C00000964,P006,BR0009,2025-06-21,open
A000000158,C00000557,P001,BR0053,2025-07-11,open
A000000159,C00000410,P003,BR0016,2022-05-02,open
A000000160,C00000256,P004,BR0020,2021-05-02,open
A000000161,C00000745,P001,BR0012,2026-06-22,open
A000000162,C00000977,P007,BR0073,2022-06-15,open
A000000163,C00000691,P001,BR0064,2022-04-23,open
A000000164,C00000033,P007,BR0097,2024-02-07,open
A000000165,C00000470,P005,BR0012,2026-03-07,open
A000000166,C00000733,P001,BR0021,2020-01-01,open
A000000167,C00000398,P001,BR0046,2026-07-19,open
A000000168,C00000773,P002,BR0065,2022-03-28,open
A000000169,C00000708,P002,BR0014,2019-03-13,open
A000000170,C00000068,P001,BR0022,2021-05-16,open
A000000171,C00000558,P008,BR0043,2022-07-18,open
A000000172,C00000172,P001,BR0002,2024-03-09,closed
A000000173,C00000487,P006,BR0040,2023-05-05,open
A000000174,C00000385,P001,BR0076,2020-01-16,open
A000000175,C00000807,P008,BR0053,2022-09-29,open
A000000176,C00000869,P001,BR0044,2020-10-13,open
A000000177,C00000462,P002,BR0049,2021-01-24,open
A000000178,C00000537,P003,BR0095,2024-06-14,open
A000000179,C00000627,P001,BR0053,2025-02-27,open
A000000180,C00000656,P006,BR0054,2020-03-13,open
A000000181,C00000636,P001,BR0094,2023-08-14,open
A000000182,C00000784,P003,BR0016,2022-03-27,open
A000000183,C00000982,P003,BR0010,2021-07-31,open
A000000184,C00000829,P004,BR0045,2024-06-19,open
A000000185,C00000135,P001,BR0032,2020-11-27,closed
A000000186,C00000477,P001,BR0021,2024-11-13,open
A000000187,C00000462,P001,BR0012,2022-01-27,open
A000000188,C00000509,P002,BR0088,2019-09-23,open
A000000189,C00000529,P001,BR0062,2025-01-27,open
A000000190,C00000719,P008,BR0070,2025-07-13,open
A000000191,C00000422,P003,BR0012,2023-04-26,open
A000000192,C00000264,P004,BR0035,2024-07-20,open
A000000193,C00000458,P002,BR0063,2020-02-18,open
A000000194,C00000855,P001,BR0053,2021-08-08,open
A000000195,C00000312,P003,BR0070,2021-09-06,open
A000000196,C00000021,P001,BR0067,2024-11-08,open
A000000197,C00000977,P002,BR0042,2021-09-12,open
A000000198,C00000196,P002,BR0079,2024-08-01,open
A000000199,C00000603,P003,BR0026,2021-05-09,open
A000000200,C00000801,P008,BR0009,2023-08-10,open
A000000201,C00000275,P001,BR0092,2020-08-10,open
A000000202,C00000341,P002,BR0003,2023-04-13,open
A000000203,C00000281,P001,BR0029,2019-08-15,closed
A000000204,C00000150,P002,BR0012,2024-08-19,open
A000000205,C00000153,P005,BR0024,2019-03-23,open
A000000206,C00000187,P001,BR0040,2026-08-29,open
A000000207,C00000459,P004,BR0013,2025-06-07,open
A000000208,C00000531,P002,BR0047,2023-06-08,closed
A000000209,C00000016,P001,BR0093,2025-12-21,blocked
A000000210,C00000847,P008,BR0014,2025-03-14,open
A000000211,C00000676,P002,BR0093,2020-02-04,open
A000000212,C00000071,P006,BR0042,2024-09-14,closed
A000000213,C00000843,P002,BR0060,2021-11-22,closed
A000000214,C00000031,P008,BR0045,2025-07-24,open
A000000215,C00000561,P001,BR0032,2025-08-15,open
A000000216,C00000466,P002,BR0011,2026-04-26,open
A000000217,C00000503,P005,BR0060,2022-06-16,closed
A000000218,C00000957,P002,BR0092,2020-06-24,open
A000000219,C00000928,P002,BR0053,2019-12-17,open
A000000220,C00000280,P008,BR0060,2020-04-08,open
A000000221,C00000580,P003,BR0065,2026-08-09,open
A000000222,C00000960,P005,BR0039,2023-06-30,open
A000000223,C00000729,P004,BR0013,2021-09-12,open
A000000224,C00000888,P006,BR0051,2022-06-12,open
A000000225,C00000435,P007,BR0087,2020-04-29,closed
A000000226,C00000284,P003,BR0032,2023-05-18,open
A000000227,C00000511,P001,BR0088,2022-04-06,open
A000000228,C00000817,P001,BR0086,2025-02-12,open
A000000229,C00000929,P004,BR0025,2019-03-01,open
A000000230,C00000686,P006,BR0058,2026-02-21,open
A000000231,C00000707,P002,BR0075,2019-06-19,open
A000000232,C00000512,P001,BR0050,2022-03-14,open
A000000233,C00000320,P001,BR0070,2021-08-11,open
A000000234,C00000423,P003,BR0092,2024-07-03,open
A000000235,C00000498,P006,BR0063,2024-01-17,open
A000000236,C00000816,P001,BR0084,2020-07-05,closed
A000000237,C00000556,P004,BR0081,2022-10-06,open
A000000238,C00000794,P005,BR0082,2023-02-05,open
A000000239,C00000028,P008,BR0086,2022-07-22,open
A000000240,C00000757,P001,BR0023,2019-03-03,open
A000000241,C00000508,P008,BR0002,2020-05-13,open
A000000242,C00000999,P004,BR0016,2022-11-11,open
A000000243,C00000472,P005,BR0025,2020-12-30,open
A000000244,C00000479,P001,BR0070,2023-03-07,open
A000000245,C00000128,P003,BR0051,2020-04-03,open
A000000246,C00000807,P004,BR0047,2024-08-21,open
A000000247,C00000702,P002,BR0001,2020-06-11,open
A000000248,C00000863,P002,BR0069,2023-12-24,closed
A000000249,C00000093,P003,BR0037,2025-05-31,open
A000000250,C00000212,P003,BR0077,2021-09-30,open
A000000251,C00000877,P001,BR0012,2020-01-26,open
A000000252,C00000043,P002,BR0030,2019-01-17,open
A000000253,C00000509,P001,BR0006,2021-10-06,open
A000000254,C00000405,P007,BR0029,2019-11-20,closed
A000000255,C00000940,P008,BR0093,2025-10-05,open
A000000256,C00000857,P001,BR0050,2026-06-17,open
A000000257,C00000897,P001,BR0044,2026-07-08,open
A000000258,C00000290,P001,BR0028,2026-01-26,open
A000000259,C00000588,P002,BR0027,2023-07-01,open
A000000260,C00000701,P007,BR0067,2021-06-29,open
A000000261,C00000968,P003,BR0099,2022-06-04,open
A000000262,C00000008,P001,BR0075,2020-12-25,open
A000000263,C00000978,P001,BR0074,2025-06-10,open
A000000264,C00000356,P001,BR0048,2022-05-06,open
A000000265,C00000129,P006,BR0010,2021-12-14,open
A000000266,C00000616,P004,BR0073,2024-04-15,open
A000000267,C00000782,P003,BR0081,2021-11-12,open
A000000268,C00000130,P002,BR0052,2021-09-26,open
A000000269,C00000041,P008,BR0010,2020-09-28,open
A000000270,C00000897,P002,BR0072,2019-07-08,closed
A000000271,C00000934,P006,BR0093,2019-04-17,open
A000000272,C00000157,P007,BR0023,2022-02-01,open
A000000273,C00000905,P002,BR0016,2026-08-18,blocked
A000000274,C00000910,P007,BR0074,2020-12-30,open
A000000275,C00000998,P001,BR0034,2023-11-30,open
A000000276,C00000217,P004,BR0072,2021-06-28,open
A000000277,C00000579,P001,BR0071,2021-04-27,open
A000000278,C00000995,P002,BR0027,2020-04-01,open
A000000279,C00000903,P001,BR0005,2023-04-27,open
A000000280,C00000605,P001,BR0056,2024-01-19,closed
A000000281,C00000198,P001,BR0041,2021-09-07,open
A000000282,C00000085,P002,BR0086,2023-01-14,open
A000000283,C00000260,P004,BR0036,2022-08-26,open
A000000284,C00000066,P002,BR0025,2021-01-28,open
A000000285,C00000196,P002,BR0087,2024-04-20,open
A000000286,C00000075,P008,BR0074,2023-03-31,open
A000000287,C00000763,P008,BR0062,2019-07-04,open
A000000288,C00000590,P001,BR0096,2022-10-11,open
A000000289,C00000518,P002,BR0079,2021-12-26,open
A000000290,C00000810,P004,BR0087,2025-02-06,closed
A000000291,C00000411,P005,BR0080,2021-05-08,open
A000000292,C00000403,P002,BR0041,2026-04-30,open
A000000293,C00000207,P005,BR0007,2023-09-19,open
A000000294,C00000445,P001,BR0061,2020-01-01,open
A000000295,C00000175,P002,BR0077,2022-02-03,blocked
A000000296,C00000590,P005,BR0100,2025-10-10,open
A000000297,C00000998,P004,BR0069,2020-12-13,open
A000000298,C00000534,P006,BR0057,2024-05-27,open
A000000299,C00000300,P001,BR0058,2025-01-02,open
A000000300,C00000689,P001,BR0012,2024-04-23,blocked
A000000301,C00000821,P001,BR0001,2019-09-11,open
A000000302,C00000472,P001,BR0005,2021-11-14,open
A000000303,C00000251,P001,BR0091,2021-09-01,open
A000000304,C00000714,P003,BR0080,2021-08-20,blocked
A000000305,C00000188,P003,BR0027,2025-09-27,blocked
A000000306,C00000998,P004,BR0043,2019-01-16,open
A000000307,C00000318,P002,BR0049,2023-02-18,open
A000000308,C00000351,P001,BR0025,2026-07-13,open
A000000309,C00000727,P005,BR0043,2025-09-17,open
A000000310,C00000013,P001,BR0035,2023-08-26,open
A000000311,C00000203,P007,BR0070,2026-08-26,open
A000000312,C00000126,P001,BR0076,2022-01-31,closed
A000000313,C00000392,P003,BR0010,2023-09-08,open
A000000314,C00000554,P007,BR0047,2023-03-03,open
A000000315,C00000180,P003,BR0100,2019-05-13,open
A000000316,C00000345,P004,BR0087,2019-04-24,open
A000000317,C00000773,P005,BR0080,2025-11-16,open
A000000318,C00000940,P001,BR0074,2020-05-01,open
A000000319,C00000015,P005,BR0001,2021-09-20,blocked
A000000320,C00000628,P007,BR0098,2023-10-12,open
A000000321,C00000026,P008,BR0074,2023-05-31,open
A000000322,C00000521,P002,BR0089,2022-12-10,open
A000000323,C00000880,P002,BR0091,2026-07-04,open
A000000324,C00000799,P005,BR0026,2025-01-12,open
A000000325,C00000233,P003,BR0002,2026-03-21,closed
A000000326,C00000259,P001,BR0066,2024-01-19,open
A000000327,C00000784,P001,BR0046,2026-07-04,open
A000000328,C00000820,P001,BR0003,2023-08-12,open
A000000329,C00000281,P002,BR0028,2023-02-25,open
A000000330,C00000004,P001,BR0100,2025-04-01,open
A000000331,C00000445,P001,BR0037,2025-08-29,open
A000000332,C00000620,P001,BR0027,2019-07-11,open
A000000333,C00000444,P008,BR0066,2025-12-24,open
A000000334,C00000935,P001,BR0067,2024-04-18,open
A000000335,C00000814,P001,BR0034,2025-11-18,open
A000000336,C00000788,P002,BR0085,2024-06-26,open
A000000337,C00000021,P001,BR0059,2026-02-08,open
A000000338,C00000854,P008,BR0017,2021-02-09,closed
A000000339,C00000756,P007,BR0033,2020-06-09,open
A000000340,C00000397,P002,BR0085,2020-07-01,open
A000000341,C00000590,P002,BR0009,2020-12-07,closed
A000000342,C00000825,P002,BR0002,2020-08-21,open
A000000343,C00000907,P001,BR0066,2022-05-21,open
A000000344,C00000551,P001,BR0045,2020-07-08,open
A000000345,C00000042,P001,BR0026,2020-03-18,open
A000000346,C00000619,P001,BR0048,2023-01-06,open
A000000347,C00000681,P003,BR0019,2025-01-30,open
A000000348,C00000059,P001,BR0038,2020-01-15,open
A000000349,C00000818,P001,BR0024,2022-12-02,open
A000000350,C00000202,P002,BR0059,2024-01-21,closed
A000000351,C00000891,P002,BR0068,2024-05-29,open
A000000352,C00000551,P001,BR0092,2019-10-22,open
A000000353,C00000323,P001,BR0007,2024-08-16,open
A000000354,C00000059,P001,BR0033,2019-03-17,open
A000000355,C00000018,P001,BR0027,2020-10-25,open
A000000356,C00000742,P006,BR0058,2021-06-13,open
A000000357,C00000378,P007,BR0054,2025-07-16,open
A000000358,C00000841,P002,BR0088,2020-06-21,open
A000000359,C00000231,P002,BR0092,2024-12-30,open
A000000360,C00000921,P005,BR0078,2026-07-31,open
A000000361,C00000942,P004,BR0020,2026-05-11,open
A000000362,C00000102,P001,BR0005,2021-04-28,open
A000000363,C00000647,P001,BR0090,2019-09-25,open
A000000364,C00000940,P002,BR0095,2020-09-13,open
A000000365,C00000324,P003,BR0026,2024-11-22,open
A000000366,C00000068,P001,BR0005,2020-07-04,open
A000000367,C00000876,P001,BR0069,2023-12-13,open
A000000368,C00000475,P002,BR0059,2021-11-12,open
A000000369,C00000028,P001,BR0089,2024-11-17,open
A000000370,C00000841,P002,BR0058,2023-08-24,open
A000000371,C00000679,P004,BR0077,2023-06-28,open
A000000372,C00000071,P003,BR0079,2024-12-29,open
A000000373,C00000259,P001,BR0001,2026-04-27,open
A000000374,C00000019,P001,BR0015,2021-10-17,open
A000000375,C00000955,P006,BR0079,2023-01-20,open
A000000376,C00000025,P002,BR0018,2023-10-19,open
A000000377,C00000796,P001,BR0021,2025-04-23,open
A000000378,C00000512,P001,BR0076,2022-09-11,open
A000000379,C00000583,P006,BR0021,2021-11-14,open
A000000380,C00000812,P005,BR0015,2025-06-28,open
A000000381,C00000895,P007,BR0002,2026-04-22,blocked
A000000382,C00000128,P004,BR0047,2023-05-13,open
A000000383,C00000018,P002,BR0064,2019-10-17,open
A000000384,C00000125,P002,BR0074,2021-03-22,open
A000000385,C00000683,P001,BR0091,2022-07-20,open
A000000386,C00000569,P004,BR0066,2024-05-24,open
A000000387,C00000084,P004,BR0076,2024-02-19,open
A000000388,C00000235,P001,BR0022,2025-04-15,open
A000000389,C00000538,P007,BR0035,2019-03-25,open
A000000390,C00000731,P002,BR0031,2022-07-27,open
A000000391,C00000344,P001,BR0007,2024-05-16,open
A000000392,C00000950,P002,BR0097,2026-07-27,open
A000000393,C00000993,P007,BR0025,2020-02-03,blocked
A000000394,C00000767,P007,BR0045,2025-09-27,open
A000000395,C00000455,P002,BR0036,2019-01-22,open
A000000396,C00000878,P008,BR0005,2020-07-05,closed
A000000397,C00000728,P007,BR0091,2025-06-29,open
A000000398,C00000520,P006,BR0022,2025-01-11,open
A000000399,C00000444,P006,BR0011,2026-06-16,open
A000000400,C00000833,P002,BR0035,2023-08-10,open
A000000401,C00000558,P005,BR0015,2023-09-21,open
A000000402,C00000183,P003,BR0100,2023-02-06,open
A000000403,C00001000,P005,BR0019,2022-12-03,open
A000000404,C00000069,P001,BR0031,2022-12-10,open
A000000405,C00000696,P005,BR0028,2021-03-30,open
A000000406,C00000656,P008,BR0003,2025-07-17,open
A000000407,C00000587,P002,BR0002,2021-09-25,open
A000000408,C00000052,P008,BR0052,2023-09-07,open
A000000409,C00000493,P002,BR0024,2024-02-17,open
A000000410,C00000893,P001,BR0009,2023-02-14,open
A000000411,C00000240,P001,BR0030,2023-09-09,closed
A000000412,C00000692,P006,BR0028,2019-05-17,open
A000000413,C00000859,P003,BR0043,2021-06-03,open
A000000414,C00000953,P002,BR0100,2022-06-09,open
A000000415,C00000517,P004,BR0031,2022-01-08,open
A000000416,C00000314,P002,BR0071,2025-12-17,open
A000000417,C00000700,P002,BR0077,2025-11-16,open
A000000418,C00000487,P007,BR0006,2024-06-15,open
A000000419,C00000628,P005,BR0051,2021-09-13,closed
A000000420,C00000742,P005,BR0045,2019-05-23,open
A000000421,C00000711,P004,BR0051,2024-10-15,open
A000000422,C00000243,P008,BR0018,2025-10-11,open
A000000423,C00000756,P001,BR0047,2022-10-02,open
A000000424,C00000542,P001,BR0013,2025-05-03,open
A000000425,C00000931,P001,BR0095,2026-02-18,open
A000000426,C00000660,P003,BR0059,2023-03-11,open
A000000427,C00000892,P004,BR0004,2020-08-09,blocked
A000000428,C00000979,P005,BR0051,2019-03-04,open
A000000429,C00000995,P002,BR0093,2024-10-20,open
A000000430,C00000745,P001,BR0075,2023-04-24,open
A000000431,C00000598,P004,BR0028,2020-03-06,open
A000000432,C00000119,P008,BR0090,2019-06-02,open
A000000433,C00000387,P001,BR0019,2026-06-07,open
A000000434,C00000476,P001,BR0025,2021-06-16,open
A000000435,C00000781,P001,BR0016,2021-07-04,closed
A000000436,C00000589,P002,BR0093,2023-10-27,open
A000000437,C00000440,P001,BR0072,2021-10-17,blocked
A000000438,C00000147,P002,BR0052,2025-12-31,open
A000000439,C00000716,P004,BR0067,2024-03-21,open
A000000440,C00000432,P002,BR0026,2021-09-28,open
A000000441,C00000037,P002,BR0008,2021-01-16,open
A000000442,C00000285,P001,BR0085,2025-08-05,open
A000000443,C00000880,P007,BR0097,2023-07-15,open
A000000444,C00000119,P002,BR0004,2026-01-15,open
A000000445,C00000407,P002,BR0006,2021-08-24,open
A000000446,C00000513,P001,BR0056,2019-02-28,open
A000000447,C00000084,P004,BR0005,2025-11-22,open
A000000448,C00000166,P007,BR0073,2020-11-01,open
A000000449,C00000941,P001,BR0095,2025-06-25,closed
A000000450,C00000591,P001,BR0028,2024-06-10,open
A000000451,C00000211,P001,BR0030,2020-10-10,open
A000000452,C00000170,P004,BR0087,2024-10-20,open
A000000453,C00000426,P008,BR0036,2019-08-17,open
A000000454,C00000724,P002,BR0025,2022-01-03,closed
A000000455,C00000731,P002,BR0009,2021-09-25,open
A000000456,C00000196,P005,BR0084,2024-01-13,open
A000000457,C00000726,P005,BR0093,2023-02-05,open
A000000458,C00000897,P001,BR0008,2023-09-11,closed
A000000459,C00000227,P001,BR0081,2022-08-26,open
A000000460,C00000027,P002,BR0016,2024-09-02,open
A000000461,C00000959,P005,BR0014,2020-03-24,open
A000000462,C00000522,P005,BR0039,2024-07-05,closed
A000000463,C00000777,P005,BR0044,2019-05-21,open
A000000464,C00000321,P006,BR0086,2019-08-29,open
A000000465,C00000300,P001,BR0070,2024-07-19,open
A000000466,C00000226,P002,BR0015,2020-03-19,open
A000000467,C00000218,P001,BR0059,2024-11-26,closed
A000000468,C00000472,P007,BR0088,2020-01-07,blocked
A000000469,C00000106,P004,BR0067,2020-02-15,open
A000000470,C00000843,P001,BR0023,2026-02-23,closed
A000000471,C00000512,P001,BR0013,2020-05-11,open
A000000472,C00000916,P005,BR0046,2026-01-01,open
A000000473,C00000503,P005,BR0048,2021-09-01,open
A000000474,C00000304,P005,BR0036,2025-02-10,open
A000000475,C00000515,P001,BR0011,2026-03-15,open
A000000476,C00000155,P007,BR0012,2019-11-23,open
A000000477,C00000825,P005,BR0053,2021-07-14,open
A000000478,C00000721,P004,BR0095,2023-05-27,open
A000000479,C00000148,P004,BR0060,2025-08-20,open
A000000480,C00000582,P007,BR0044,2020-06-08,open
A000000481,C00000538,P008,BR0094,2020-06-06,open
A000000482,C00000202,P004,BR0070,2021-10-28,open
A000000483,C00000123,P002,BR0072,2020-07-26,open
A000000484,C00000761,P002,BR0058,2021-01-17,open
A000000485,C00000265,P006,BR0077,2019-12-30,open
A000000486,C00000519,P004,BR0051,2025-05-10,open
A000000487,C00000248,P001,BR0063,2025-02-08,open
A000000488,C00000654,P001,BR0062,2020-02-09,open
A000000489,C00000049,P007,BR0076,2023-02-11,closed
A000000490,C00000360,P007,BR0090,2023-12-15,open
A000000491,C00000548,P008,BR0030,2023-10-24,closed
A000000492,C00000440,P002,BR0070,2026-07-17,closed
A000000493,C00000613,P006,BR0004,2023-12-01,open
A000000494,C00000181,P006,BR0054,2024-04-07,open
A000000495,C00000442,P002,BR0090,2019-04-03,open
A000000496,C00000757,P001,BR0065,2019-08-10,open
A000000497,C00000334,P008,BR0027,2023-09-30,open
A000000498,C00000158,P001,BR0061,2025-12-16,blocked
A000000499,C00000848,P004,BR0036,2022-01-22,open
A000000500,C00000779,P004,BR0044,2023-12-06,open
A000000501,C00000681,P005,BR0023,2020-08-11,open
A000000502,C00000799,P001,BR0063,2022-07-01,open
A000000503,C00000779,P005,BR0020,2024-10-04,open
A000000504,C00000747,P001,BR0045,2024-01-22,closed
A000000505,C00000510,P006,BR0094,2019-11-16,open
A000000506,C00000020,P001,BR0076,2025-09-27,open
A000000507,C00000598,P005,BR0042,2026-02-08,open
A000000508,C00000274,P006,BR0097,2022-08-28,open
A000000509,C00000774,P001,BR0002,2021-08-12,open
A000000510,C00000469,P001,BR0096,2023-01-27,open
A000000511,C00000906,P005,BR0036,2025-02-21,open
A000000512,C00000596,P001,BR0083,2022-06-20,open
A000000513,C00000551,P001,BR0095,2019-03-26,open
A000000514,C00000920,P002,BR0061,2019-07-23,open
A000000515,C00000476,P008,BR0062,2025-03-22,open
A000000516,C00000376,P003,BR0075,2025-01-12,open
A000000517,C00000372,P002,BR0024,2024-12-01,closed
A000000518,C00000876,P008,BR0018,2019-12-20,open
A000000519,C00000757,P002,BR0035,2020-04-22,open
A000000520,C00000164,P002,BR0048,2022-01-09,open
A000000521,C00000493,P002,BR0075,2020-10-08,open
A000000522,C00000372,P002,BR0026,2021-12-19,open
A000000523,C00000647,P002,BR0057,2023-04-13,open
A000000524,C00000053,P005,BR0001,2021-02-23,open
A000000525,C00000715,P001,BR0004,2019-12-12,open
A000000526,C00000743,P005,BR0097,2022-02-01,open
A000000527,C00000227,P001,BR0086,2024-07-16,open
A000000528,C00000151,P002,BR0087,2023-09-27,open
A000000529,C00000628,P001,BR0033,2021-06-19,open
A000000530,C00000258,P003,BR0052,2021-05-21,open
A000000531,C00000942,P005,BR0068,2023-06-23,open
A000000532,C00000776,P002,BR0026,2020-04-28,open
A000000533,C00000956,P001,BR0075,2025-05-23,open
A000000534,C00000535,P001,BR0070,2025-08-31,open
A000000535,C00000939,P006,BR0041,2019-03-13,blocked
A000000536,C00000014,P001,BR0044,2026-06-11,open
A000000537,C00000290,P005,BR0031,2019-03-07,open
A000000538,C00000003,P002,BR0081,2022-07-08,open
A000000539,C00000678,P001,BR0099,2024-02-12,open
A000000540,C00000511,P005,BR0100,2021-07-04,open
A000000541,C00000288,P002,BR0078,2020-07-24,open
A000000542,C00000305,P001,BR0035,2019-05-13,open
A000000543,C00000644,P008,BR0079,2024-07-29,open
A000000544,C00000181,P001,BR0025,2019-04-14,open
A000000545,C00000515,P002,BR0090,2022-09-17,open
A000000546,C00000614,P002,BR0027,2022-01-05,open
A000000547,C00000240,P002,BR0041,2026-06-02,open
A000000548,C00000229,P006,BR0010,2026-02-17,open
A000000549,C00000355,P001,BR0009,2025-04-08,closed
A000000550,C00000593,P008,BR0040,2024-08-07,open
A000000551,C00000255,P004,BR0056,2023-03-01,open
A000000552,C00000380,P008,BR0002,2021-09-04,open
A000000553,C00000544,P006,BR0085,2020-04-11,open
A000000554,C00000187,P008,BR0012,2026-06-03,open
A000000555,C00000569,P004,BR0100,2021-12-13,open
A000000556,C00000139,P002,BR0028,2022-04-15,open
A000000557,C00000143,P002,BR0038,2020-01-31,open
A000000558,C00000237,P004,BR0016,2021-02-14,open
A000000559,C00000287,P002,BR0083,2023-11-12,open
A000000560,C00000030,P005,BR0074,2022-04-08,open
A000000561,C00000962,P001,BR0008,2023-06-29,open
A000000562,C00000309,P006,BR0011,2020-08-15,open
A000000563,C00000805,P001,BR0061,2019-08-18,open
A000000564,C00000902,P008,BR0087,2025-10-15,open
A000000565,C00000801,P001,BR0011,2022-04-24,open
A000000566,C00000832,P001,BR0023,2021-10-08,open
A000000567,C00000101,P006,BR0055,2021-03-12,open
A000000568,C00000373,P006,BR0011,2024-01-17,open
A000000569,C00000747,P005,BR0031,2023-04-26,open
A000000570,C00000576,P008,BR0002,2021-12-25,open
A000000571,C00000006,P001,BR0050,2026-02-19,open
A000000572,C00000568,P006,BR0072,2025-11-29,open
A000000573,C00000805,P002,BR0042,2020-07-09,open
A000000574,C00000829,P003,BR0026,2023-12-04,open
A000000575,C00000384,P002,BR0043,2026-06-04,open
A000000576,C00000237,P001,BR0051,2022-09-29,open
A000000577,C00000310,P003,BR0017,2019-03-26,open
A000000578,C00000297,P005,BR0012,2020-01-06,open
A000000579,C00000347,P001,BR0019,2024-02-13,open
A000000580,C00000302,P008,BR0099,2025-11-30,open
A000000581,C00000458,P003,BR0073,2019-12-26,open
A000000582,C00000041,P001,BR0013,2023-03-12,open
A000000583,C00000276,P004,BR0031,2022-10-23,open
A000000584,C00000315,P001,BR0042,2021-03-09,open
A000000585,C00000154,P001,BR0019,2023-11-04,open
A000000586,C00000878,P005,BR0086,2025-09-24,open
A000000587,C00000676,P001,BR0095,2020-10-31,open
A000000588,C00000912,P001,BR0025,2019-06-02,open
A000000589,C00000562,P005,BR0002,2021-10-02,open
A000000590,C00000110,P001,BR0027,2021-05-29,open
A000000591,C00000905,P006,BR0059,2024-07-29,blocked
A000000592,C00000459,P006,BR0081,2023-02-12,open
A000000593,C00000685,P001,BR0034,2019-02-20,open
A000000594,C00000382,P003,BR0028,2021-08-09,open
A000000595,C00000495,P001,BR0025,2024-08-20,open
A000000596,C00000490,P004,BR0001,2022-08-27,open
A000000597,C00000285,P001,BR0002,2023-04-26,open
A000000598,C00000555,P008,BR0043,2021-01-10,open
A000000599,C00000734,P001,BR0062,2021-06-13,open
A000000600,C00000021,P005,BR0002,2019-12-31,open
A000000601,C00000131,P001,BR0021,2019-08-17,open
A000000602,C00000843,P001,BR0091,2019-04-14,open
A000000603,C00000570,P002,BR0100,2023-10-15,open
A000000604,C00000974,P003,BR0065,2020-03-17,open
A000000605,C00000605,P008,BR0053,2023-05-26,open
A000000606,C00000654,P001,BR0059,2026-04-22,open
A000000607,C00000900,P001,BR0038,2024-05-06,open
A000000608,C00000661,P002,BR0021,2023-05-31,open
A000000609,C00000330,P002,BR0038,2019-11-24,open
A000000610,C00000528,P007,BR0070,2022-10-01,open
A000000611,C00000236,P007,BR0067,2025-10-31,open
A000000612,C00000335,P007,BR0068,2021-12-12,blocked
A000000613,C00000681,P001,BR0061,2025-05-02,open
A000000614,C00000149,P002,BR0007,2024-06-06,open
A000000615,C00000672,P005,BR0063,2021-01-16,open
A000000616,C00000585,P002,BR0089,2020-01-31,open
A000000617,C00000309,P005,BR0065,2019-02-17,open
A000000618,C00000045,P001,BR0058,2021-02-12,open
A000000619,C00000705,P002,BR0023,2021-07-21,open
A000000620,C00000825,P007,BR0080,2024-01-11,open
A000000621,C00000731,P001,BR0046,2023-05-23,open
A000000622,C00000421,P008,BR0027,2022-09-03,open
A000000623,C00000654,P002,BR0049,2024-07-17,open
A000000624,C00000415,P001,BR0013,2024-11-26,blocked
A000000625,C00000359,P001,BR0093,2024-06-20,open
A000000626,C00000328,P001,BR0071,2025-11-16,open
A000000627,C00000211,P003,BR0033,2021-10-04,open
A000000628,C00000970,P001,BR0080,2025-04-24,open
A000000629,C00000667,P004,BR0006,2022-03-24,open
A000000630,C00000175,P007,BR0039,2020-05-30,closed
A000000631,C00000866,P002,BR0066,2020-02-13,open
A000000632,C00000152,P001,BR0003,2019-09-14,open
A000000633,C00000594,P002,BR0071,2026-04-29,open
A000000634,C00000166,P006,BR0082,2020-04-19,open
A000000635,C00000362,P004,BR0060,2025-05-27,open
A000000636,C00000659,P001,BR0021,2025-01-02,open
A000000637,C00001000,P003,BR0075,2022-05-14,open
A000000638,C00000992,P002,BR0034,2026-01-02,open
A000000639,C00000896,P002,BR0074,2025-12-18,open
A000000640,C00000236,P001,BR0063,2026-02-04,open
A000000641,C00000094,P008,BR0010,2022-10-23,open
A000000642,C00000906,P001,BR0010,2021-04-15,closed
A000000643,C00000924,P001,BR0002,2019-05-03,open
A000000644,C00000279,P001,BR0008,2025-06-10,open
A000000645,C00000020,P003,BR0030,2025-09-10,open
A000000646,C00000648,P002,BR0003,2023-02-10,open
A000000647,C00000077,P001,BR0094,2019-07-18,open
A000000648,C00000041,P002,BR0092,2025-04-22,open
A000000649,C00000938,P005,BR0018,2021-04-15,closed
A000000650,C00000496,P001,BR0032,2023-03-16,open
A000000651,C00000113,P007,BR0075,2024-01-21,open
A000000652,C00000655,P002,BR0067,2020-02-13,open
A000000653,C00000370,P001,BR0059,2019-06-25,open
A000000654,C00000537,P008,BR0099,2019-08-10,closed
A000000655,C00000899,P006,BR0063,2026-05-09,open
A000000656,C00000238,P002,BR0067,2026-05-04,open
A000000657,C00000647,P006,BR0051,2022-04-10,open
A000000658,C00000829,P003,BR0053,2022-04-07,open
A000000659,C00000424,P002,BR0030,2022-02-13,open
A000000660,C00000971,P006,BR0053,2021-09-08,open
A000000661,C00000449,P005,BR0092,2023-03-03,open
A000000662,C00000460,P001,BR0038,2021-09-24,open
A000000663,C00000885,P004,BR0014,2023-09-22,open
A000000664,C00000636,P002,BR0060,2021-11-27,closed
A000000665,C00000869,P001,BR0079,2023-10-30,open
A000000666,C00000791,P008,BR0096,2026-03-30,open
A000000667,C00000713,P003,BR0055,2020-07-30,open
A000000668,C00000242,P004,BR0079,2019-06-25,open
A000000669,C00000399,P004,BR0026,2023-01-14,open
A000000670,C00000865,P003,BR0043,2019-11-30,open
A000000671,C00000617,P001,BR0042,2020-10-09,open
A000000672,C00000281,P008,BR0034,2025-01-20,open
A000000673,C00000328,P004,BR0072,2022-03-16,open
A000000674,C00000776,P005,BR0089,2023-03-19,open
A000000675,C00000179,P002,BR0033,2024-12-13,open
A000000676,C00000113,P001,BR0014,2019-12-26,closed
A000000677,C00000766,P001,BR0083,2022-09-02,open
A000000678,C00000289,P002,BR0085,2019-04-07,open
A000000679,C00000766,P001,BR0094,2022-10-29,blocked
A000000680,C00000534,P005,BR0026,2020-09-19,open
A000000681,C00000998,P007,BR0072,2025-12-26,open
A000000682,C00000525,P002,BR0072,2020-12-31,closed
A000000683,C00000868,P002,BR0080,2020-07-14,open
A000000684,C00000851,P005,BR0081,2019-02-09,open
A000000685,C00000212,P001,BR0096,2020-01-09,open
A000000686,C00000997,P008,BR0048,2020-08-28,open
A000000687,C00000746,P002,BR0008,2020-09-30,open
A000000688,C00000108,P001,BR0020,2024-08-29,open
A000000689,C00000007,P001,BR0089,2025-10-21,open
A000000690,C00000272,P008,BR0085,2025-07-23,open
A000000691,C00000017,P001,BR0002,2026-05-01,open
A000000692,C00000358,P005,BR0037,2025-11-20,open
A000000693,C00000997,P001,BR0025,2022-06-29,open
A000000694,C00000479,P001,BR0033,2021-12-27,open
A000000695,C00000024,P007,BR0064,2023-12-24,open
A000000696,C00000494,P001,BR0052,2021-06-13,open
A000000697,C00000220,P001,BR0049,2023-08-18,open
A000000698,C00000857,P003,BR0044,2026-08-31,open
A000000699,C00000091,P007,BR0065,2020-07-08,open
A000000700,C00000771,P002,BR0069,2024-11-24,open
A000000701,C00000446,P001,BR0005,2026-03-04,open
A000000702,C00000019,P008,BR0014,2023-02-13,open
A000000703,C00000674,P005,BR0035,2021-09-23,open
A000000704,C00000456,P006,BR0044,2020-12-14,open
A000000705,C00000772,P005,BR0100,2020-04-15,open
A000000706,C00000619,P005,BR0090,2021-06-18,open
A000000707,C00000788,P002,BR0065,2024-09-21,open
A000000708,C00000461,P002,BR0004,2022-12-14,open
A000000709,C00000008,P005,BR0011,2020-09-12,open
A000000710,C00000131,P005,BR0046,2023-02-26,open
A000000711,C00000459,P008,BR0059,2025-03-15,open
A000000712,C00000398,P003,BR0067,2019-02-08,closed
A000000713,C00000795,P001,BR0015,2019-02-27,open
A000000714,C00000412,P002,BR0089,2026-05-10,open
A000000715,C00000861,P004,BR0050,2024-09-26,open
A000000716,C00000188,P002,BR0060,2023-05-31,open
A000000717,C00000385,P006,BR0004,2025-12-11,closed
A000000718,C00000757,P004,BR0083,2023-07-08,open
A000000719,C00000125,P001,BR0055,2022-12-28,open
A000000720,C00000322,P003,BR0023,2020-08-15,open
A000000721,C00000752,P004,BR0032,2025-03-19,open
A000000722,C00000589,P007,BR0036,2024-11-11,open
A000000723,C00000779,P002,BR0003,2021-04-07,open
A000000724,C00000516,P003,BR0095,2024-08-26,open
A000000725,C00000860,P002,BR0081,2024-07-28,open
A000000726,C00000878,P003,BR0089,2019-09-24,open
A000000727,C00000975,P001,BR0036,2020-03-25,open
A000000728,C00000123,P007,BR0056,2023-07-24,open
A000000729,C00000592,P007,BR0046,2023-10-13,open
A000000730,C00000115,P003,BR0048,2024-01-17,open
A000000731,C00000229,P003,BR0059,2021-11-11,open
A000000732,C00000301,P001,BR0046,2025-05-28,open
A000000733,C00000647,P004,BR0078,2022-06-01,open
A000000734,C00000432,P002,BR0006,2020-07-31,closed
A000000735,C00000865,P005,BR0020,2019-11-19,open
A000000736,C00000299,P001,BR0090,2025-09-23,open
A000000737,C00000618,P005,BR0089,2024-06-03,open
A000000738,C00000764,P001,BR0082,2022-07-16,open
A000000739,C00000981,P004,BR0037,2020-08-09,closed
A000000740,C00000246,P004,BR0046,2019-09-28,open
A000000741,C00000734,P001,BR0003,2020-03-03,open
A000000742,C00000085,P002,BR0028,2019-10-23,closed
A000000743,C00000544,P006,BR0073,2023-01-22,open
A000000744,C00000414,P004,BR0035,2020-07-07,open
A000000745,C00000959,P001,BR0049,2019-12-24,open
A000000746,C00000774,P002,BR0013,2021-03-02,open
A000000747,C00000928,P002,BR0050,2024-05-12,open
A000000748,C00000851,P004,BR0073,2022-10-21,closed
A000000749,C00000411,P004,BR0058,2020-03-06,open
A000000750,C00000734,P001,BR0056,2024-09-27,open
A000000751,C00000031,P004,BR0092,2022-10-02,open
A000000752,C00000558,P005,BR0024,2020-06-06,open
A000000753,C00000048,P005,BR0030,2024-04-19,open
A000000754,C00000725,P001,BR0063,2026-08-11,open
A000000755,C00000967,P002,BR0049,2023-02-21,open
A000000756,C00000682,P002,BR0098,2020-03-28,open
A000000757,C00000840,P001,BR0006,2021-05-16,open
A000000758,C00000235,P002,BR0013,2023-08-06,open
A000000759,C00000994,P001,BR0035,2026-08-30,closed
A000000760,C00000551,P001,BR0046,2026-02-14,open
A000000761,C00000675,P005,BR0090,2026-02-26,open
A000000762,C00000771,P001,BR0050,2025-05-20,open
A000000763,C00000640,P005,BR0044,2023-05-29,closed
A000000764,C00000318,P001,BR0017,2023-12-20,open
A000000765,C00000612,P003,BR0044,2024-08-17,open
A000000766,C00000654,P002,BR0054,2024-06-26,open
A000000767,C00000858,P006,BR0059,2023-11-24,open
A000000768,C00000482,P006,BR0061,2020-01-11,open
A000000769,C00000502,P002,BR0043,2025-09-29,blocked
A000000770,C00000504,P004,BR0016,2019-01-28,open
A000000771,C00000115,P001,BR0016,2022-04-07,open
A000000772,C00000091,P004,BR0016,2022-04-30,open
A000000773,C00000021,P001,BR0062,2026-08-20,open
A000000774,C00000667,P002,BR0086,2019-09-08,open
A000000775,C00000419,P001,BR0089,2022-08-25,open
A000000776,C00000866,P007,BR0032,2021-09-28,open
A000000777,C00000703,P002,BR0008,2019-10-01,open
A000000778,C00000142,P004,BR0064,2020-09-18,open
A000000779,C00000101,P002,BR0004,2022-03-27,open
A000000780,C00000367,P001,BR0063,2026-01-09,open
A000000781,C00000921,P001,BR0039,2021-12-23,open
A000000782,C00000049,P007,BR0084,2025-09-30,open
A000000783,C00000188,P006,BR0063,2024-08-16,open
A000000784,C00000030,P001,BR0074,2025-04-12,open
A000000785,C00000414,P005,BR0041,2025-07-18,open
A000000786,C00000990,P002,BR0085,2024-06-22,open
A000000787,C00000684,P001,BR0053,2024-08-15,open
A000000788,C00000494,P003,BR0063,2020-03-07,open
A000000789,C00000145,P001,BR0037,2024-06-30,open
A000000790,C00000356,P001,BR0045,2019-05-16,open
A000000791,C00000525,P005,BR0085,2024-08-26,open
A000000792,C00000275,P001,BR0040,2024-01-05,open
A000000793,C00000706,P007,BR0003,2024-10-20,open
A000000794,C00000981,P004,BR0038,2023-12-04,open
A000000795,C00000206,P006,BR0040,2021-10-29,open
A000000796,C00000253,P004,BR0042,2021-10-31,open
A000000797,C00000127,P007,BR0008,2023-07-28,closed
A000000798,C00000726,P002,BR0013,2022-08-16,open
A000000799,C00000462,P003,BR0033,2021-08-11,open
A000000800,C00000284,P003,BR0043,2022-10-01,closed
A000000801,C00000220,P007,BR0003,2023-02-11,open
A000000802,C00000071,P001,BR0039,2020-11-02,open
A000000803,C00000477,P003,BR0033,2023-11-22,open
A000000804,C00000684,P005,BR0004,2021-05-29,open
A000000805,C00000236,P002,BR0026,2021-01-19,open
A000000806,C00000002,P007,BR0028,2022-03-17,open
A000000807,C00000474,P002,BR0015,2019-10-17,open
A000000808,C00000676,P001,BR0076,2023-08-16,open
A000000809,C00000345,P004,BR0008,2024-08-15,open
A000000810,C00000251,P002,BR0058,2026-04-30,open
A000000811,C00000155,P001,BR0067,2021-03-05,open
A000000812,C00000747,P001,BR0081,2023-02-16,open
A000000813,C00000862,P001,BR0055,2022-11-10,open
A000000814,C00000770,P005,BR0055,2024-08-09,open
A000000815,C00000519,P007,BR0077,2023-10-16,open
A000000816,C00000725,P003,BR0086,2025-03-09,open
A000000817,C00000397,P001,BR0022,2025-07-09,open
A000000818,C00000025,P003,BR0080,2019-11-14,open
A000000819,C00000368,P006,BR0047,2021-09-21,open
A000000820,C00000704,P005,BR0010,2024-01-03,open
A000000821,C00000648,P001,BR0062,2023-03-03,open
A000000822,C00000991,P001,BR0098,2022-09-11,open
A000000823,C00000998,P007,BR0015,2020-04-29,open
A000000824,C00000243,P006,BR0002,2023-05-22,open
A000000825,C00000010,P001,BR0092,2024-09-04,open
A000000826,C00000275,P006,BR0060,2019-04-18,open
A000000827,C00000877,P001,BR0022,2023-07-15,open
A000000828,C00000814,P001,BR0080,2025-12-12,open
A000000829,C00000099,P005,BR0040,2023-05-26,blocked
A000000830,C00000161,P003,BR0034,2026-04-21,open
A000000831,C00000564,P002,BR0029,2021-09-14,open
A000000832,C00000661,P007,BR0060,2019-01-10,open
A000000833,C00000983,P006,BR0014,2024-03-24,open
A000000834,C00000756,P001,BR0037,2020-08-18,open
A000000835,C00000212,P004,BR0031,2019-01-28,open
A000000836,C00000038,P005,BR0007,2020-05-19,open
A000000837,C00000634,P003,BR0077,2026-02-28,open
A000000838,C00000554,P008,BR0001,2024-12-27,open
A000000839,C00000922,P005,BR0096,2021-02-09,open
A000000840,C00000576,P001,BR0010,2023-08-02,open
A000000841,C00000502,P001,BR0036,2021-08-08,open
A000000842,C00000304,P006,BR0010,2020-05-11,open
A000000843,C00000087,P008,BR0037,2026-07-30,open
A000000844,C00000877,P001,BR0062,2025-03-29,open
A000000845,C00000827,P001,BR0009,2021-10-14,open
A000000846,C00000163,P005,BR0053,2021-09-16,closed
A000000847,C00000704,P001,BR0078,2025-04-02,open
A000000848,C00000365,P001,BR0046,2022-07-14,open
A000000849,C00000438,P007,BR0012,2021-11-21,open
A000000850,C00000849,P006,BR0070,2021-12-20,open
A000000851,C00000843,P007,BR0019,2022-06-05,open
A000000852,C00000191,P004,BR0002,2022-12-30,open
A000000853,C00000308,P002,BR0044,2019-04-23,open
A000000854,C00000822,P007,BR0028,2022-09-06,open
A000000855,C00000917,P001,BR0003,2022-05-16,open
A000000856,C00000080,P001,BR0078,2021-02-07,open
A000000857,C00000834,P007,BR0060,2021-09-22,open
A000000858,C00000490,P005,BR0091,2022-04-03,open
A000000859,C00000591,P007,BR0049,2021-10-21,open
A000000860,C00000076,P001,BR0044,2025-12-18,open
A000000861,C00000681,P008,BR0085,2023-01-19,open
A000000862,C00000678,P004,BR0009,2022-11-09,open
A000000863,C00000663,P005,BR0037,2021-01-06,open
A000000864,C00000791,P007,BR0080,2026-01-09,open
A000000865,C00000947,P002,BR0030,2019-03-06,open
A000000866,C00000850,P005,BR0089,2023-03-21,open
A000000867,C00000745,P004,BR0029,2020-04-17,blocked
A000000868,C00000982,P006,BR0042,2024-11-22,open
A000000869,C00000675,P007,BR0090,2021-11-25,open
A000000870,C00000673,P005,BR0025,2021-04-02,open
A000000871,C00000543,P001,BR0097,2019-06-12,open
A000000872,C00000770,P001,BR0005,2025-01-22,open
A000000873,C00000072,P008,BR0027,2022-01-15,open
A000000874,C00000506,P008,BR0060,2021-01-10,open
A000000875,C00000426,P008,BR0060,2025-06-22,open
A000000876,C00000913,P001,BR0091,2019-02-24,open
A000000877,C00000073,P002,BR0096,2022-08-05,closed
A000000878,C00000644,P005,BR0068,2020-03-26,blocked
A000000879,C00000185,P005,BR0066,2019-12-22,open
A000000880,C00000884,P001,BR0032,2019-03-02,open
A000000881,C00000852,P004,BR0081,2020-06-07,open
A000000882,C00000236,P001,BR0065,2026-04-05,open
A000000883,C00000872,P002,BR0003,2022-06-01,open
A000000884,C00000497,P001,BR0084,2026-08-31,open
A000000885,C00000972,P001,BR0036,2021-01-18,open
A000000886,C00000730,P001,BR0048,2024-11-04,open
A000000887,C00000035,P007,BR0049,2019-09-08,open
A000000888,C00000203,P005,BR0082,2019-10-30,blocked
A000000889,C00000404,P008,BR0027,2019-02-15,closed
A000000890,C00000212,P002,BR0040,2025-11-22,open
A000000891,C00000133,P002,BR0004,2024-02-24,open
A000000892,C00000979,P002,BR0035,2024-09-13,open
A000000893,C00000870,P004,BR0009,2026-02-09,open
A000000894,C00000435,P002,BR0059,2021-07-19,open
A000000895,C00000216,P005,BR0090,2024-07-16,open
A000000896,C00000182,P006,BR0047,2022-11-07,open
A000000897,C00000916,P007,BR0092,2023-02-28,open
A000000898,C00000332,P001,BR0098,2024-01-27,blocked
A000000899,C00000013,P003,BR0006,2022-08-08,open
A000000900,C00000398,P001,BR0052,2019-03-09,open
A000000901,C00000455,P001,BR0053,2019-07-30,open
A000000902,C00000624,P005,BR0039,2022-11-05,open
A000000903,C00000339,P003,BR0084,2023-05-15,open
A000000904,C00000924,P005,BR0040,2024-08-12,open
A000000905,C00000644,P001,BR0006,2023-05-22,open
A000000906,C00000987,P008,BR0055,2020-06-11,open
A000000907,C00000368,P008,BR0021,2021-10-24,open
A000000908,C00000652,P002,BR0036,2022-05-27,open
A000000909,C00000366,P007,BR0051,2026-07-18,open
A000000910,C00000700,P001,BR0073,2023-01-31,open
A000000911,C00000746,P005,BR0028,2023-11-13,open
A000000912,C00000322,P007,BR0039,2024-08-21,open
A000000913,C00000938,P006,BR0007,2021-10-11,open
A000000914,C00000858,P006,BR0039,2026-05-24,open
A000000915,C00000895,P002,BR0059,2024-03-04,open
A000000916,C00000218,P006,BR0062,2025-07-03,open
A000000917,C00000718,P005,BR0030,2024-09-28,open
A000000918,C00000107,P001,BR0007,2023-10-07,open
A000000919,C00000106,P001,BR0058,2019-03-28,open
A000000920,C00000974,P005,BR0066,2023-06-23,open
A000000921,C00000153,P004,BR0009,2019-12-29,open
A000000922,C00000865,P003,BR0051,2023-08-16,open
A000000923,C00000431,P007,BR0010,2024-05-17,open
A000000924,C00000304,P004,BR0046,2023-03-07,open
A000000925,C00000074,P002,BR0065,2021-05-13,open
A000000926,C00000676,P002,BR0072,2019-06-16,open
A000000927,C00000722,P004,BR0072,2024-02-22,open
A000000928,C00000468,P005,BR0076,2024-05-09,open
A000000929,C00000810,P003,BR0025,2022-08-31,open
A000000930,C00000324,P003,BR0085,2024-06-28,open
A000000931,C00000552,P005,BR0035,2024-12-21,open
A000000932,C00000287,P005,BR0038,2022-12-05,open
A000000933,C00000583,P006,BR0079,2019-05-14,open
A000000934,C00000137,P001,BR0033,2025-09-03,open
A000000935,C00000477,P005,BR0008,2022-07-30,open
A000000936,C00000550,P003,BR0072,2024-02-26,open
A000000937,C00000557,P001,BR0067,2025-12-25,open
A000000938,C00000447,P005,BR0059,2021-10-12,open
A000000939,C00000644,P005,BR0015,2023-10-08,open
A000000940,C00000513,P003,BR0064,2019-02-25,open
A000000941,C00000284,P006,BR0020,2025-10-14,open
A000000942,C00000216,P002,BR0056,2019-06-15,open
A000000943,C00000648,P001,BR0051,2023-02-24,open
A000000944,C00000939,P002,BR0078,2021-09-12,open
A000000945,C00000754,P002,BR0098,2019-04-11,open
A000000946,C00000639,P005,BR0020,2022-07-17,open
A000000947,C00000922,P006,BR0012,2026-03-04,open
A000000948,C00000900,P005,BR0056,2020-04-12,open
A000000949,C00000507,P001,BR0096,2021-03-29,open
A000000950,C00000110,P002,BR0016,2020-06-14,open
A000000951,C00000635,P001,BR0049,2019-12-16,closed
A000000952,C00000623,P005,BR0041,2020-10-06,blocked
A000000953,C00000278,P001,BR0032,2023-05-21,open
A000000954,C00000850,P003,BR0067,2024-12-25,open
A000000955,C00000870,P006,BR0030,2024-04-16,open
A000000956,C00000331,P005,BR0050,2024-11-29,open
A000000957,C00000477,P001,BR0085,2024-06-26,open
A000000958,C00000196,P002,BR0038,2021-12-08,open
A000000959,C00000179,P004,BR0003,2025-11-25,open
A000000960,C00000266,P003,BR0089,2020-04-27,open
A000000961,C00000366,P001,BR0028,2024-05-13,open
A000000962,C00000273,P007,BR0078,2019-11-07,open
A000000963,C00000152,P003,BR0077,2024-11-13,open
A000000964,C00000448,P002,BR0053,2019-09-01,open
A000000965,C00000624,P001,BR0009,2020-08-28,open
A000000966,C00000326,P002,BR0096,2021-12-31,open
A000000967,C00000534,P002,BR0069,2024-04-28,open
A000000968,C00000272,P001,BR0043,2019-05-08,open
A000000969,C00000704,P003,BR0086,2020-12-21,open
A000000970,C00000649,P002,BR0079,2021-07-23,open
A000000971,C00000961,P007,BR0077,2024-08-08,open
A000000972,C00000054,P008,BR0017,2026-05-16,open
A000000973,C00000854,P001,BR0064,2023-09-16,open
A000000974,C00000341,P001,BR0029,2022-11-22,open
A000000975,C00000067,P006,BR0008,2021-07-30,open
A000000976,C00000690,P008,BR0034,2025-04-22,open
A000000977,C00000172,P007,BR0011,2019-10-28,open
A000000978,C00000176,P001,BR0011,2019-12-28,open
A000000979,C00000980,P001,BR0073,2020-07-17,open
A000000980,C00000221,P001,BR0051,2021-01-20,open
A000000981,C00000548,P006,BR0040,2022-07-16,open
A000000982,C00000201,P004,BR0020,2026-04-04,open
A000000983,C00000124,P003,BR0078,2023-12-27,open
A000000984,C00000001,P003,BR0064,2021-12-09,open
A000000985,C00000017,P001,BR0059,2020-08-15,open
A000000986,C00000474,P004,BR0020,2023-12-21,open
A000000987,C00000435,P001,BR0013,2020-12-09,open
A000000988,C00000039,P004,BR0013,2026-06-26,open
A000000989,C00000350,P005,BR0003,2022-08-30,open
A000000990,C00000273,P005,BR0097,2023-03-23,open
A000000991,C00000572,P002,BR0037,2025-12-04,open
A000000992,C00000995,P006,BR0066,2021-05-04,open
A000000993,C00000692,P005,BR0099,2022-08-14,blocked
A000000994,C00000919,P001,BR0094,2023-01-29,open
A000000995,C00000193,P001,BR0033,2021-01-29,open
A000000996,C00000216,P004,BR0049,2019-06-02,open
A000000997,C00000751,P001,BR0047,2021-03-05,closed
A000000998,C00000311,P001,BR0004,2019-11-11,open
A000000999,C00000849,P001,BR0077,2024-03-06,open
A000001000,C00000464,P001,BR0058,2019-01-21,open
A000001001,C00000201,P002,BR0038,2021-06-05,open
A000001002,C00000845,P004,BR0056,2025-10-11,open
A000001003,C00000551,P001,BR0074,2023-05-12,open
A000001004,C00000803,P005,BR0002,2024-02-23,open
A000001005,C00000453,P001,BR0065,2024-02-15,open
A000001006,C00000127,P002,BR0087,2021-04-15,open
A000001007,C00000682,P001,BR0073,2023-11-06,open
A000001008,C00000125,P006,BR0062,2020-09-11,closed
A000001009,C00000664,P008,BR0010,2023-11-15,open
A000001010,C00000417,P002,BR0075,2024-03-27,open
A000001011,C00000792,P001,BR0076,2025-09-19,open
A000001012,C00000871,P001,BR0050,2026-01-18,open
A000001013,C00000408,P001,BR0059,2019-03-09,open
A000001014,C00000883,P006,BR0062,2021-04-17,open
A000001015,C00000111,P001,BR0013,2023-03-12,open
A000001016,C00000108,P008,BR0026,2021-06-19,open
A000001017,C00000994,P004,BR0080,2023-09-29,open
A000001018,C00000575,P003,BR0098,2025-07-19,open
A000001019,C00000451,P006,BR0028,2020-12-23,open
A000001020,C00000156,P001,BR0041,2025-11-06,open
A000001021,C00000289,P005,BR0092,2025-10-05,open
A000001022,C00000687,P001,BR0017,2026-01-03,open
A000001023,C00000822,P006,BR0027,2019-07-25,open
A000001024,C00000917,P003,BR0006,2021-03-31,open
A000001025,C00000408,P001,BR0024,2019-12-14,open
A000001026,C00000455,P006,BR0064,2019-12-03,open
A000001027,C00000164,P001,BR0035,2019-05-29,open
A000001028,C00000084,P001,BR0099,2022-05-16,open
A000001029,C00000438,P006,BR0090,2019-09-02,open
A000001030,C00000580,P002,BR0090,2021-04-08,open
A000001031,C00000105,P007,BR0073,2026-07-10,open
A000001032,C00000409,P004,BR0071,2025-10-10,open
A000001033,C00000642,P004,BR0051,2026-03-08,open
A000001034,C00000811,P001,BR0100,2019-04-13,open
A000001035,C00000939,P001,BR0010,2024-01-25,open
A000001036,C00000341,P008,BR0073,2023-11-10,open
A000001037,C00000392,P001,BR0015,2020-01-07,blocked
A000001038,C00000875,P003,BR0034,2025-12-12,open
A000001039,C00000694,P001,BR0026,2022-02-06,closed
A000001040,C00000274,P001,BR0061,2026-06-27,closed
A000001041,C00000686,P004,BR0079,2019-11-16,open
A000001042,C00000158,P006,BR0008,2023-12-26,open
A000001043,C00000450,P005,BR0061,2020-01-02,open
A000001044,C00000307,P007,BR0023,2026-04-13,open
A000001045,C00000993,P001,BR0008,2023-08-29,open
A000001046,C00000035,P002,BR0042,2019-07-31,open
A000001047,C00000857,P001,BR0059,2020-08-24,open
A000001048,C00000282,P005,BR0021,2021-10-02,open
A000001049,C00000037,P002,BR0039,2019-02-06,open
A000001050,C00000661,P003,BR0096,2019-01-25,open
A000001051,C00000679,P001,BR0035,2026-02-04,open
A000001052,C00000143,P006,BR0100,2026-07-10,open
A000001053,C00000039,P006,BR0084,2023-02-10,closed
A000001054,C00000112,P007,BR0038,2025-12-02,open
A000001055,C00000409,P001,BR0058,2024-01-09,closed
A000001056,C00000133,P008,BR0071,2019-03-20,open
A000001057,C00000704,P001,BR0047,2024-06-23,open
A000001058,C00000078,P002,BR0041,2019-02-20,open
A000001059,C00000789,P001,BR0033,2025-04-05,open
A000001060,C00000875,P001,BR0014,2021-10-24,open
A000001061,C00000717,P003,BR0003,2020-01-31,open
A000001062,C00000945,P001,BR0034,2020-12-24,open
A000001063,C00000940,P002,BR0080,2024-03-28,open
A000001064,C00000047,P004,BR0024,2025-06-29,open
A000001065,C00000342,P006,BR0018,2023-05-18,open
A000001066,C00000761,P005,BR0033,2020-03-25,open
A000001067,C00000340,P004,BR0060,2025-11-25,open
A000001068,C00000738,P001,BR0022,2025-01-22,open
A000001069,C00000775,P006,BR0023,2022-02-21,open
A000001070,C00000997,P001,BR0012,2023-04-02,open
A000001071,C00000330,P001,BR0034,2026-05-23,open
A000001072,C00000348,P001,BR0022,2021-11-22,open
A000001073,C00000025,P005,BR0084,2019-03-14,open
A000001074,C00000286,P002,BR0091,2020-02-13,open
A000001075,C00000281,P004,BR0038,2023-08-08,blocked
A000001076,C00000454,P002,BR0009,2026-08-25,open
A000001077,C00000422,P002,BR0009,2024-09-02,open
A000001078,C00000857,P002,BR0033,2023-09-27,open
A000001079,C00000774,P001,BR0047,2021-06-23,open
A000001080,C00000729,P002,BR0053,2022-05-15,open
A000001081,C00000006,P004,BR0031,2019-04-18,open
A000001082,C00000472,P003,BR0036,2021-11-05,open
A000001083,C00000730,P001,BR0029,2023-10-12,closed
A000001084,C00000245,P005,BR0052,2025-12-11,open
A000001085,C00000425,P002,BR0070,2026-01-26,open
A000001086,C00000728,P001,BR0005,2025-04-18,open
A000001087,C00000795,P001,BR0048,2019-03-02,open
A000001088,C00000855,P002,BR0065,2025-03-21,open
A000001089,C00000430,P002,BR0068,2020-09-04,open
A000001090,C00000400,P005,BR0057,2023-09-22,open
A000001091,C00000383,P001,BR0053,2026-04-03,open
A000001092,C00000669,P005,BR0069,2025-10-22,open
A000001093,C00000420,P001,BR0038,2024-02-04,open
A000001094,C00000401,P004,BR0057,2021-04-17,open
A000001095,C00000169,P006,BR0032,2022-12-29,open
A000001096,C00000479,P002,BR0044,2024-05-24,open
A000001097,C00000238,P001,BR0013,2022-12-10,open
A000001098,C00000525,P003,BR0036,2022-02-06,open
A000001099,C00000889,P008,BR0015,2022-02-01,open
A000001100,C00000776,P008,BR0023,2023-08-07,open
A000001101,C00000479,P001,BR0042,2019-04-11,open
A000001102,C00000978,P005,BR0051,2026-08-26,open
A000001103,C00000981,P002,BR0095,2019-10-13,open
A000001104,C00000445,P001,BR0003,2026-07-19,open
A000001105,C00000764,P005,BR0090,2019-04-10,open
A000001106,C00000343,P003,BR0033,2022-12-06,open
A000001107,C00000879,P003,BR0073,2022-03-15,closed
A000001108,C00000374,P006,BR0068,2023-05-26,open
A000001109,C00000259,P002,BR0098,2022-04-28,open
A000001110,C00000134,P005,BR0011,2025-11-17,open
A000001111,C00000843,P002,BR0097,2019-02-16,open
A000001112,C00000297,P001,BR0007,2026-07-22,open
A000001113,C00000814,P002,BR0088,2024-04-14,open
A000001114,C00000087,P008,BR0066,2024-12-20,open
A000001115,C00000501,P002,BR0049,2020-01-27,open
A000001116,C00000428,P001,BR0040,2019-07-02,open
A000001117,C00000439,P005,BR0010,2022-01-16,open
A000001118,C00000168,P008,BR0081,2021-06-22,open
A000001119,C00000074,P007,BR0073,2025-01-01,open
A000001120,C00000347,P003,BR0094,2025-11-15,open
A000001121,C00000471,P002,BR0074,2022-04-11,open
A000001122,C00000794,P004,BR0096,2024-11-21,open
A000001123,C00000463,P006,BR0089,2019-06-16,open
A000001124,C00000246,P007,BR0043,2024-09-09,open
A000001125,C00000263,P006,BR0071,2019-10-06,open
A000001126,C00000612,P002,BR0027,2024-02-14,open
A000001127,C00000436,P001,BR0080,2021-12-06,open
A000001128,C00000902,P003,BR0061,2022-03-08,open
A000001129,C00000440,P001,BR0045,2021-02-12,open
A000001130,C00000567,P001,BR0063,2022-02-03,closed
A000001131,C00000064,P002,BR0028,2025-09-14,open
A000001132,C00000194,P004,BR0063,2025-03-15,open
A000001133,C00000851,P006,BR0048,2021-08-10,open
A000001134,C00000345,P006,BR0033,2021-04-02,open
A000001135,C00000422,P006,BR0098,2022-11-26,open
A000001136,C00000591,P005,BR0007,2024-04-01,open
A000001137,C00000058,P005,BR0076,2020-05-25,open
A000001138,C00000507,P001,BR0022,2024-07-26,open
A000001139,C00000347,P004,BR0023,2026-04-10,open
A000001140,C00000149,P001,BR0016,2025-06-22,open
A000001141,C00000419,P001,BR0011,2023-03-16,open
A000001142,C00000447,P001,BR0013,2021-06-14,open
A000001143,C00000187,P006,BR0084,2021-06-24,open
A000001144,C00000544,P005,BR0093,2024-09-08,open
A000001145,C00000747,P008,BR0059,2022-06-27,open
A000001146,C00000268,P008,BR0002,2019-10-26,open
A000001147,C00000967,P007,BR0087,2024-03-12,open
A000001148,C00000613,P001,BR0061,2020-01-22,open
A000001149,C00000774,P007,BR0053,2026-07-26,open
A000001150,C00000071,P006,BR0095,2022-03-14,open
A000001151,C00000768,P007,BR0041,2021-08-15,open
A000001152,C00000337,P001,BR0037,2019-06-04,open
A000001153,C00000711,P001,BR0078,2020-04-14,closed
A000001154,C00000805,P008,BR0053,2026-04-07,open
A000001155,C00000251,P001,BR0072,2023-02-12,open
A000001156,C00000260,P002,BR0070,2025-11-30,open
A000001157,C00000060,P002,BR0084,2026-04-30,open
A000001158,C00000606,P001,BR0032,2019-05-18,open
A000001159,C00000775,P001,BR0008,2021-12-02,closed
A000001160,C00000411,P008,BR0048,2025-06-05,open
A000001161,C00000161,P007,BR0065,2022-10-19,closed
A000001162,C00000317,P007,BR0082,2022-11-25,open
A000001163,C00000403,P001,BR0027,2023-05-16,open
A000001164,C00000917,P001,BR0075,2024-05-19,open
A000001165,C00000125,P002,BR0084,2026-03-13,closed
A000001166,C00000344,P002,BR0081,2025-10-19,open
A000001167,C00000639,P001,BR0081,2023-10-17,open
A000001168,C00000237,P005,BR0099,2023-06-04,open
A000001169,C00000885,P008,BR0067,2021-10-07,open
A000001170,C00000910,P003,BR0038,2019-11-22,open
A000001171,C00000381,P002,BR0044,2024-06-08,open
A000001172,C00000746,P002,BR0075,2019-01-08,open
A000001173,C00000756,P001,BR0024,2024-05-08,open
A000001174,C00000682,P001,BR0061,2022-10-23,open
A000001175,C00000187,P003,BR0058,2025-01-11,open
A000001176,C00000050,P002,BR0067,2026-04-11,open
A000001177,C00000348,P003,BR0043,2023-03-29,open
A000001178,C00000132,P006,BR0074,2023-05-23,open
A000001179,C00000293,P001,BR0008,2022-09-26,closed
A000001180,C00000639,P001,BR0075,2021-11-10,open
A000001181,C00000589,P001,BR0082,2019-09-06,open
A000001182,C00000210,P001,BR0089,2019-03-28,open
A000001183,C00000018,P003,BR0093,2024-07-17,open
A000001184,C00000226,P006,BR0035,2026-01-05,open
A000001185,C00000455,P007,BR0005,2019-05-31,open
A000001186,C00000780,P004,BR0066,2021-07-05,open
A000001187,C00000366,P002,BR0010,2023-08-30,open
A000001188,C00000286,P001,BR0029,2024-05-27,open
A000001189,C00000552,P002,BR0071,2024-08-20,open
A000001190,C00000072,P002,BR0060,2024-04-27,open
A000001191,C00000226,P007,BR0061,2019-08-23,open
A000001192,C00000037,P002,BR0076,2020-12-11,open
A000001193,C00000526,P001,BR0017,2022-08-06,open
A000001194,C00000444,P001,BR0080,2019-06-28,open
A000001195,C00000583,P001,BR0059,2021-08-18,open
A000001196,C00000618,P007,BR0043,2021-12-14,open
A000001197,C00000396,P001,BR0047,2026-07-01,open
A000001198,C00000869,P001,BR0051,2021-06-06,open
A000001199,C00000919,P001,BR0056,2026-06-12,open
A000001200,C00000111,P006,BR0034,2024-05-14,open
A000001201,C00000921,P003,BR0023,2024-04-22,open
A000001202,C00000197,P004,BR0017,2025-04-14,open
A000001203,C00000249,P002,BR0035,2025-06-16,open
A000001204,C00000530,P001,BR0027,2020-09-14,open
A000001205,C00000030,P006,BR0052,2022-03-24,open
A000001206,C00000365,P001,BR0092,2023-01-19,open
A000001207,C00000195,P001,BR0011,2026-06-27,open
A000001208,C00000483,P003,BR0031,2019-04-24,open
A000001209,C00000815,P001,BR0005,2022-08-27,open
A000001210,C00000925,P001,BR0098,2020-08-22,open
A000001211,C00000213,P006,BR0071,2020-08-02,open
A000001212,C00000545,P002,BR0025,2024-11-02,open
A000001213,C00000475,P001,BR0042,2020-07-19,blocked
A000001214,C00000416,P002,BR0073,2025-01-30,open
A000001215,C00000633,P005,BR0096,2026-08-14,open
A000001216,C00000990,P001,BR0058,2024-12-13,open
A000001217,C00000406,P001,BR0028,2020-04-20,open
A000001218,C00000066,P004,BR0070,2020-02-03,open
A000001219,C00000916,P004,BR0069,2022-05-08,open
A000001220,C00000933,P008,BR0065,2023-03-23,open
A000001221,C00000323,P002,BR0005,2024-12-19,closed
A000001222,C00000502,P001,BR0071,2022-03-29,open
A000001223,C00000863,P003,BR0002,2020-04-12,open
A000001224,C00000504,P004,BR0091,2026-08-08,blocked
A000001225,C00000482,P001,BR0089,2025-12-07,open
A000001226,C00000922,P003,BR0057,2024-01-06,open
A000001227,C00000829,P001,BR0065,2024-05-01,open
A000001228,C00000508,P006,BR0007,2026-03-03,open
A000001229,C00000162,P006,BR0088,2022-08-22,open
A000001230,C00000439,P002,BR0028,2020-02-11,open
A000001231,C00000677,P008,BR0027,2023-08-24,open
A000001232,C00000273,P008,BR0071,2022-06-16,open
A000001233,C00000538,P001,BR0094,2025-02-17,open
A000001234,C00000659,P002,BR0050,2024-11-30,open
A000001235,C00000086,P004,BR0051,2022-08-13,open
A000001236,C00000570,P001,BR0055,2021-10-27,open
A000001237,C00000738,P002,BR0030,2022-03-27,open
A000001238,C00000215,P001,BR0060,2023-11-07,open
A000001239,C00000549,P008,BR0097,2023-11-19,open
A000001240,C00000710,P002,BR0039,2022-12-03,blocked
A000001241,C00000045,P005,BR0078,2023-01-29,open
A000001242,C00000645,P002,BR0078,2026-08-09,open
A000001243,C00000260,P001,BR0086,2020-12-11,open
A000001244,C00000398,P007,BR0073,2020-05-01,open
A000001245,C00000649,P001,BR0093,2025-02-15,open
A000001246,C00000005,P001,BR0072,2026-03-03,open
A000001247,C00000017,P002,BR0098,2023-09-01,blocked
A000001248,C00000447,P005,BR0072,2022-01-29,open
A000001249,C00000950,P002,BR0084,2021-09-02,open
A000001250,C00000007,P001,BR0090,2022-08-03,open
A000001251,C00000789,P002,BR0099,2019-05-27,open
A000001252,C00000075,P001,BR0060,2023-01-20,open
A000001253,C00000489,P001,BR0072,2021-01-24,open
A000001254,C00000431,P003,BR0097,2021-01-13,open
A000001255,C00000469,P001,BR0039,2023-04-18,open
A000001256,C00000082,P001,BR0012,2026-05-22,open
A000001257,C00000754,P004,BR0089,2020-07-30,open
A000001258,C00000276,P005,BR0064,2025-12-27,open
A000001259,C00000772,P001,BR0043,2022-12-25,open
A000001260,C00000656,P002,BR0072,2026-06-17,open
A000001261,C00000552,P001,BR0004,2021-12-06,open
A000001262,C00000309,P008,BR0048,2026-08-23,open
A000001263,C00000653,P001,BR0027,2024-01-22,open
A000001264,C00000998,P001,BR0029,2024-02-19,open
A000001265,C00000924,P002,BR0097,2023-04-27,open
A000001266,C00000917,P001,BR0056,2022-06-18,open
A000001267,C00000220,P001,BR0015,2023-01-10,open
A000001268,C00000586,P001,BR0037,2025-07-10,open
A000001269,C00000398,P004,BR0025,2025-01-27,open
A000001270,C00000967,P004,BR0091,2019-03-08,open
A000001271,C00000951,P004,BR0030,2024-04-28,open
A000001272,C00000869,P005,BR0036,2025-05-25,open
A000001273,C00000163,P002,BR0034,2024-09-14,open
A000001274,C00000319,P007,BR0018,2022-10-24,blocked
A000001275,C00000712,P005,BR0079,2021-07-28,open
A000001276,C00000750,P006,BR0058,2024-02-29,open
A000001277,C00000351,P005,BR0044,2024-02-02,open
A000001278,C00000137,P002,BR0040,2021-11-13,open
A000001279,C00000137,P001,BR0067,2022-02-11,open
A000001280,C00000685,P002,BR0010,2021-10-29,open
A000001281,C00000455,P001,BR0094,2019-05-06,closed
A000001282,C00000492,P002,BR0057,2019-03-30,open
A000001283,C00000816,P001,BR0023,2019-08-21,blocked
A000001284,C00000017,P001,BR0054,2022-04-01,open
A000001285,C00000755,P008,BR0086,2022-11-30,open
A000001286,C00000275,P005,BR0018,2022-02-17,open
A000001287,C00000932,P003,BR0053,2026-04-28,open
A000001288,C00000956,P002,BR0060,2020-09-21,open
A000001289,C00000503,P003,BR0082,2022-01-05,open
A000001290,C00000316,P007,BR0057,2020-11-23,open
A000001291,C00000234,P004,BR0074,2021-04-19,open
A000001292,C00000182,P004,BR0078,2023-06-24,open
A000001293,C00001000,P002,BR0090,2021-05-17,open
A000001294,C00000188,P002,BR0037,2021-06-08,open
A000001295,C00000447,P005,BR0071,2024-02-22,open
A000001296,C00000480,P008,BR0025,2025-05-13,open
A000001297,C00000680,P002,BR0085,2020-08-18,open
A000001298,C00000843,P002,BR0096,2019-11-08,open
A000001299,C00000558,P002,BR0030,2020-11-01,open
A000001300,C00000759,P002,BR0057,2023-06-06,open
A000001301,C00000567,P008,BR0083,2026-05-11,open
A000001302,C00000437,P005,BR0003,2020-03-24,open
A000001303,C00000158,P002,BR0071,2019-04-30,open
A000001304,C00000209,P002,BR0083,2023-01-19,open
A000001305,C00000433,P002,BR0088,2026-08-06,open
A000001306,C00000047,P001,BR0020,2023-03-28,open
A000001307,C00000317,P003,BR0076,2026-02-01,open
A000001308,C00000463,P006,BR0079,2023-12-04,open
A000001309,C00000473,P005,BR0001,2019-03-30,open
A000001310,C00000815,P001,BR0071,2022-04-11,open
A000001311,C00000968,P005,BR0063,2024-11-26,open
A000001312,C00000730,P005,BR0097,2022-11-27,open
A000001313,C00000080,P001,BR0005,2020-06-29,open
A000001314,C00000409,P004,BR0097,2020-05-21,open
A000001315,C00000730,P004,BR0058,2024-02-01,open
A000001316,C00000595,P006,BR0028,2022-07-20,open
A000001317,C00000458,P001,BR0039,2023-05-27,open
A000001318,C00000437,P001,BR0077,2021-11-10,open
A000001319,C00000406,P002,BR0100,2021-08-07,open
A000001320,C00000580,P001,BR0032,2024-02-09,open
A000001321,C00000179,P002,BR0099,2019-01-22,open
A000001322,C00000518,P006,BR0063,2022-05-02,open
A000001323,C00000206,P001,BR0020,2021-11-03,open
A000001324,C00000681,P002,BR0060,2024-12-22,open
A000001325,C00000865,P008,BR0081,2024-08-01,blocked
A000001326,C00000508,P003,BR0006,2022-04-07,open
A000001327,C00000388,P002,BR0008,2021-01-05,open
A000001328,C00000941,P003,BR0001,2020-10-22,open
A000001329,C00000660,P001,BR0058,2020-08-14,open
A000001330,C00000429,P001,BR0006,2021-02-05,open
A000001331,C00000029,P005,BR0094,2024-10-30,open
A000001332,C00000016,P002,BR0013,2019-05-07,open
A000001333,C00000222,P001,BR0008,2019-03-15,open
A000001334,C00000237,P001,BR0026,2023-02-20,open
A000001335,C00000722,P006,BR0077,2020-09-17,open
A000001336,C00000501,P001,BR0091,2025-05-15,blocked
A000001337,C00001000,P005,BR0026,2024-10-07,open
A000001338,C00000541,P002,BR0052,2024-11-23,open
A000001339,C00000904,P004,BR0078,2022-07-03,open
A000001340,C00000553,P001,BR0080,2022-05-10,open
A000001341,C00000359,P001,BR0016,2022-04-06,open
A000001342,C00000715,P003,BR0084,2020-07-03,open
A000001343,C00000450,P005,BR0087,2023-05-08,open
A000001344,C00000275,P001,BR0074,2025-08-14,open
A000001345,C00000474,P002,BR0053,2020-12-19,open
A000001346,C00000665,P002,BR0040,2019-06-08,open
A000001347,C00000376,P001,BR0089,2023-05-01,closed
A000001348,C00000705,P003,BR0087,2022-01-22,open
A000001349,C00000981,P001,BR0052,2025-02-10,open
A000001350,C00000412,P003,BR0075,2025-07-26,open
A000001351,C00000296,P001,BR0040,2026-04-15,closed
A000001352,C00000403,P002,BR0075,2022-01-05,open
A000001353,C00000839,P002,BR0009,2025-11-29,open
A000001354,C00000179,P002,BR0091,2019-11-27,open
A000001355,C00000974,P002,BR0052,2021-11-09,open
A000001356,C00000414,P007,BR0060,2021-01-14,open
A000001357,C00000842,P002,BR0019,2026-01-28,open
A000001358,C00000787,P006,BR0053,2023-08-08,open
A000001359,C00000784,P001,BR0001,2021-10-21,open
A000001360,C00000909,P002,BR0090,2020-03-01,open
A000001361,C00000185,P001,BR0075,2025-01-01,open
A000001362,C00000594,P002,BR0046,2024-01-08,open
A000001363,C00000100,P005,BR0084,2025-07-16,open
A000001364,C00000300,P006,BR0082,2022-05-11,open
A000001365,C00000041,P003,BR0012,2020-02-24,open
A000001366,C00000683,P004,BR0006,2021-07-25,open
A000001367,C00000608,P001,BR0026,2023-10-03,closed
A000001368,C00000741,P001,BR0001,2020-11-05,open
A000001369,C00000177,P006,BR0058,2019-07-17,open
A000001370,C00000333,P001,BR0053,2025-04-24,open
A000001371,C00000677,P001,BR0054,2023-01-25,open
A000001372,C00000827,P008,BR0008,2022-01-15,open
A000001373,C00000886,P008,BR0092,2023-03-28,open
A000001374,C00000074,P004,BR0098,2024-08-29,open
A000001375,C00000403,P002,BR0060,2019-01-04,open
A000001376,C00000011,P006,BR0001,2022-05-17,open
A000001377,C00000819,P001,BR0040,2020-12-12,open
A000001378,C00000123,P002,BR0072,2019-09-15,open
A000001379,C00000823,P002,BR0075,2019-04-11,blocked
A000001380,C00000157,P007,BR0025,2022-05-18,open
A000001381,C00000016,P007,BR0083,2023-03-04,open
A000001382,C00000879,P004,BR0097,2022-11-22,open
A000001383,C00000439,P001,BR0051,2025-01-01,open
A000001384,C00000425,P002,BR0039,2022-07-05,open
A000001385,C00000647,P001,BR0053,2023-07-10,open
A000001386,C00000275,P007,BR0003,2025-04-04,open
A000001387,C00000691,P001,BR0053,2024-01-15,open
A000001388,C00000430,P001,BR0003,2025-12-25,open
A000001389,C00000273,P005,BR0004,2020-09-12,open
A000001390,C00000395,P002,BR0056,2025-01-11,open
A000001391,C00000007,P006,BR0052,2024-05-04,open
A000001392,C00000302,P001,BR0099,2023-06-20,open
A000001393,C00000592,P006,BR0051,2019-01-11,open
A000001394,C00000138,P001,BR0098,2023-02-25,open
A000001395,C00000119,P001,BR0081,2025-07-31,open
A000001396,C00000656,P002,BR0034,2023-12-10,open
A000001397,C00000429,P001,BR0093,2019-01-15,open
A000001398,C00000137,P004,BR0049,2021-03-16,open
A000001399,C00000748,P001,BR0060,2023-05-14,open
A000001400,C00000776,P001,BR0011,2025-03-23,open
A000001401,C00000035,P005,BR0022,2022-05-30,blocked
A000001402,C00000202,P001,BR0053,2025-07-27,open
A000001403,C00000371,P004,BR0028,2025-02-06,open
A000001404,C00000732,P005,BR0060,2021-01-18,open
A000001405,C00000075,P001,BR0008,2020-06-29,open
A000001406,C00000806,P005,BR0026,2025-12-02,open
A000001407,C00000320,P001,BR0067,2023-07-08,open
A000001408,C00000126,P002,BR0062,2025-07-04,open
A000001409,C00000864,P001,BR0099,2026-01-25,blocked
A000001410,C00000087,P006,BR0090,2022-04-03,open
A000001411,C00000130,P003,BR0082,2019-05-09,blocked
A000001412,C00000950,P003,BR0001,2025-12-20,open
A000001413,C00000520,P008,BR0061,2023-06-23,open
A000001414,C00000464,P002,BR0023,2019-12-04,open
A000001415,C00000688,P007,BR0027,2023-01-23,open
A000001416,C00000631,P005,BR0021,2019-03-20,open
A000001417,C00000614,P008,BR0046,2021-03-22,open
A000001418,C00000024,P007,BR0013,2021-09-01,open
A000001419,C00000552,P008,BR0054,2022-06-26,open
A000001420,C00000279,P001,BR0017,2023-05-03,open
A000001421,C00000808,P006,BR0051,2025-06-08,open
A000001422,C00000506,P006,BR0063,2021-09-11,open
A000001423,C00000124,P004,BR0018,2024-08-20,open
A000001424,C00000887,P001,BR0011,2026-03-22,open
A000001425,C00000285,P008,BR0081,2024-09-26,open
A000001426,C00000272,P001,BR0074,2020-12-14,open
A000001427,C00000937,P002,BR0027,2024-03-12,closed
A000001428,C00000776,P003,BR0089,2021-02-26,open
A000001429,C00000860,P001,BR0023,2022-08-31,open
A000001430,C00000663,P005,BR0093,2023-11-13,open
A000001431,C00000911,P001,BR0012,2021-04-01,open
A000001432,C00000116,P005,BR0067,2019-01-11,open
A000001433,C00000600,P006,BR0002,2025-06-02,open
A000001434,C00000294,P002,BR0020,2024-07-30,open
A000001435,C00000399,P005,BR0041,2019-12-11,open
A000001436,C00000238,P001,BR0009,2021-11-22,closed
A000001437,C00000206,P006,BR0046,2021-01-02,open
A000001438,C00000443,P008,BR0024,2026-06-30,open
A000001439,C00000919,P001,BR0010,2026-03-22,open
A000001440,C00000636,P005,BR0097,2024-04-19,open
A000001441,C00000350,P003,BR0099,2022-05-19,open
A000001442,C00000434,P003,BR0097,2019-05-27,blocked
A000001443,C00000530,P005,BR0016,2020-11-22,blocked
A000001444,C00000245,P002,BR0039,2019-09-17,open
A000001445,C00000522,P004,BR0033,2025-01-19,open
A000001446,C00000696,P001,BR0033,2019-09-04,blocked
A000001447,C00000244,P002,BR0042,2024-03-12,open
A000001448,C00000585,P007,BR0052,2026-04-21,open
A000001449,C00000709,P001,BR0049,2021-05-12,open
A000001450,C00000520,P004,BR0030,2024-03-30,open
