complaint_id,customer_id,complaint_type,channel,severity,status,created_at,resolution_days
CO000000001,C00000201,fraud,mobile,low,resolved,2026-09-12,3
CO000000002,C00000211,branch,mobile,low,resolved,2025-11-17,19
CO000000003,C00000261,fraud,web,low,open,2025-08-17,28
CO000000004,C00000108,service,mobile,low,investigating,2025-12-02,2
CO000000005,C00000163,digital,branch,low,resolved,2026-03-01,23
CO000000006,C00000133,fraud,phone,low,resolved,2025-05-08,7
CO000000007,C00000173,branch,web,low,resolved,2026-02-01,29
CO000000008,C00000047,digital,branch,medium,resolved,2025-08-19,14
CO000000009,C00000029,branch,branch,medium,resolved,2025-03-08,8
CO000000010,C00000140,fraud,web,low,resolved,2026-04-17,11
CO000000011,C00000132,service,phone,medium,resolved,2025-01-16,8
CO000000012,C00000172,digital,phone,low,resolved,2026-09-20,12
CO000000013,C00000057,fraud,mobile,low,resolved,2025-05-12,29
CO000000014,C00000286,digital,branch,medium,investigating,2025-03-25,27
CO000000015,C00000186,service,mobile,medium,resolved,2025-07-15,3
CO000000016,C00000076,card,web,low,resolved,2025-06-13,33
CO000000017,C00000097,branch,branch,high,resolved,2026-09-02,23
CO000000018,C00000286,card,branch,low,investigating,2025-10-20,3
CO000000019,C00000254,fraud,web,low,resolved,2025-01-29,13
CO000000020,C00000224,payment,phone,low,resolved,2025-12-14,11
CO000000021,C00000012,branch,branch,low,resolved,2025-12-19,23
CO000000022,C00000173,card,branch,high,resolved,2025-08-27,23
CO000000023,C00000243,digital,phone,low,resolved,2025-01-15,8
CO000000024,C00000277,payment,branch,low,resolved,2026-04-26,25
CO000000025,C00000236,fraud,phone,medium,resolved,2025-03-07,24
CO000000026,C00000189,payment,branch,low,open,2025-11-13,12
CO000000027,C00000132,payment,mobile,low,resolved,2025-06-21,32
CO000000028,C00000225,fraud,phone,low,investigating,2025-12-08,29
CO000000029,C00000130,card,web,high,investigating,2026-04-19,11
CO000000030,C00000176,payment,web,medium,investigating,2026-01-06,33
CO000000031,C00000044,card,web,low,resolved,2025-08-06,4
CO000000032,C00000145,digital,web,low,resolved,2025-04-10,29
CO000000033,C00000028,fraud,phone,medium,investigating,2026-04-11,33
CO000000034,C00000042,payment,web,low,investigating,2025-01-08,33
CO000000035,C00000264,card,mobile,high,resolved,2025-03-04,9
CO000000036,C00000056,service,phone,low,investigating,2026-03-18,22
CO000000037,C00000150,payment,web,medium,resolved,2025-08-20,17
CO000000038,C00000061,fraud,branch,medium,investigating,2026-04-20,33
CO000000039,C00000238,card,branch,low,resolved,2025-11-13,12
CO000000040,C00000145,fraud,mobile,medium,resolved,2026-06-05,18
CO000000041,C00000227,service,web,medium,resolved,2025-10-30,34
CO000000042,C00000089,payment,web,low,open,2026-06-15,33
CO000000043,C00000264,card,mobile,low,investigating,2025-03-09,6
CO000000044,C00000147,payment,phone,high,investigating,2025-09-24,21
CO000000045,C00000182,branch,mobile,medium,resolved,2025-08-30,29
CO000000046,C00000200,card,web,medium,resolved,2025-06-04,20
CO000000047,C00000016,payment,branch,medium,resolved,2025-10-28,11
CO000000048,C00000021,digital,mobile,low,open,2025-10-26,7
CO000000049,C00000160,fraud,phone,low,investigating,2025-08-08,1
CO000000050,C00000077,card,phone,low,resolved,2025-12-19,3
CO000000051,C00000252,digital,branch,medium,open,2025-12-10,22
CO000000052,C00000025,digital,branch,low,resolved,2025-12-18,3
CO000000053,C00000205,digital,web,low,resolved,2025-06-11,19
CO000000054,C00000184,branch,branch,low,resolved,2025-12-12,24
CO000000055,C00000241,fraud,web,medium,resolved,2026-04-02,2
CO000000056,C00000167,branch,phone,medium,resolved,2026-01-02,8
CO000000057,C00000039,digital,mobile,medium,resolved,2025-08-19,28
CO000000058,C00000268,fraud,phone,medium,resolved,2025-02-28,17
CO000000059,C00000133,card,mobile,low,resolved,2026-02-16,25
CO000000060,C00000076,branch,branch,low,resolved,2025-04-11,19
CO000000061,C00000071,payment,web,low,resolved,2025-02-02,18
CO000000062,C00000063,payment,branch,medium,investigating,2025-12-31,24
CO000000063,C00000048,card,branch,medium,open,2025-06-03,1
CO000000064,C00000245,card,branch,low,investigating,2026-07-04,24
CO000000065,C00000056,fraud,web,high,investigating,2026-03-27,17
CO000000066,C00000049,card,web,low,open,2026-09-06,2
CO000000067,C00000061,card,branch,low,resolved,2026-01-25,5
CO000000068,C00000287,payment,branch,low,open,2025-06-19,33
CO000000069,C00000035,service,branch,medium,resolved,2025-07-29,2
CO000000070,C00000237,payment,phone,medium,resolved,2025-11-19,8
CO000000071,C00000287,card,phone,medium,resolved,2025-08-23,31
CO000000072,C00000174,branch,phone,high,open,2025-10-29,13
CO000000073,C00000247,card,branch,low,investigating,2025-02-04,13
CO000000074,C00000070,branch,web,medium,open,2026-08-08,33
CO000000075,C00000221,service,mobile,medium,open,2025-07-17,28
CO000000076,C00000196,digital,web,low,resolved,2025-08-26,3
CO000000077,C00000139,fraud,mobile,high,resolved,2026-07-17,2
CO000000078,C00000272,card,branch,medium,resolved,2025-06-20,7
CO000000079,C00000086,branch,branch,low,resolved,2025-02-12,33
CO000000080,C00000260,fraud,mobile,high,investigating,2025-09-08,18
CO000000081,C00000272,digital,web,low,open,2026-03-10,7
CO000000082,C00000161,branch,web,medium,resolved,2026-09-05,17
CO000000083,C00000145,service,web,low,investigating,2025-06-20,7
CO000000084,C00000131,branch,branch,medium,resolved,2025-01-03,28
CO000000085,C00000084,card,web,low,resolved,2026-01-08,18
CO000000086,C00000215,branch,branch,medium,resolved,2025-07-07,26
CO000000087,C00000065,payment,phone,low,open,2025-06-21,18
CO000000088,C00000121,fraud,web,medium,resolved,2025-10-06,34
CO000000089,C00000240,branch,web,low,resolved,2025-11-07,5
CO000000090,C00000270,branch,phone,medium,resolved,2026-01-28,15
CO000000091,C00000006,branch,mobile,medium,resolved,2026-06-18,1
CO000000092,C00000258,payment,mobile,low,resolved,2025-09-19,8
CO000000093,C00000041,payment,web,high,resolved,2026-03-04,14
CO000000094,C00000222,card,branch,medium,investigating,2025-09-02,3
CO000000095,C00000181,branch,web,medium,open,2025-04-29,4
CO000000096,C00000256,payment,mobile,low,resolved,2025-04-06,19
CO000000097,C00000236,payment,branch,low,open,2026-07-11,20
CO000000098,C00000077,card,branch,high,resolved,2025-05-08,31
CO000000099,C00000066,branch,web,low,resolved,2025-01-03,6
CO000000100,C00000158,card,mobile,low,resolved,2025-05-30,34
CO000000101,C00000205,digital,mobile,medium,investigating,2025-04-04,26
CO000000102,C00000100,digital,mobile,low,resolved,2025-10-14,14
CO000000103,C00000181,payment,branch,low,open,2025-08-02,29
CO000000104,C00000176,service,branch,low,resolved,2026-08-30,19
CO000000105,C00000152,branch,mobile,medium,resolved,2026-03-07,33
CO000000106,C00000077,card,branch,high,resolved,2026-09-24,13
CO000000107,C00000199,digital,branch,low,resolved,2025-11-11,2
CO000000108,C00000235,service,web,medium,resolved,2025-06-06,25
CO000000109,C00000273,branch,mobile,low,resolved,2025-09-02,9
CO000000110,C00000151,service,web,medium,resolved,2025-04-22,31
CO000000111,C00000061,fraud,phone,low,resolved,2025-09-07,2
CO000000112,C00000162,digital,phone,medium,resolved,2025-03-30,30
CO000000113,C00000019,digital,phone,low,resolved,2026-01-27,21
CO000000114,C00000111,card,phone,low,resolved,2025-10-29,27
CO000000115,C00000022,digital,mobile,high,resolved,2026-07-05,14
CO000000116,C00000165,branch,phone,medium,resolved,2026-09-09,16
CO000000117,C00000236,payment,phone,medium,resolved,2025-06-20,16
CO000000118,C00000257,service,branch,low,resolved,2026-05-16,5
CO000000119,C00000221,fraud,phone,low,resolved,2026-06-08,26
CO000000120,C00000212,digital,web,low,resolved,2026-03-18,22
CO000000121,C00000125,branch,branch,low,resolved,2025-03-28,10
CO000000122,C00000063,branch,web,low,resolved,2025-01-17,22
CO000000123,C00000234,payment,branch,medium,resolved,2025-01-31,16
CO000000124,C00000196,service,phone,low,investigating,2026-02-08,19
CO000000125,C00000276,card,phone,low,open,2025-07-31,6
CO000000126,C00000128,fraud,phone,low,open,2025-03-24,27
CO000000127,C00000051,card,mobile,high,resolved,2025-08-06,5
CO000000128,C00000108,fraud,branch,low,investigating,2025-05-10,12
CO000000129,C00000256,fraud,web,low,resolved,2026-08-24,6
CO000000130,C00000018,branch,branch,low,investigating,2025-04-15,20
CO000000131,C00000226,branch,web,low,investigating,2026-09-16,11
CO000000132,C00000257,digital,mobile,low,resolved,2025-08-19,31
CO000000133,C00000245,digital,branch,medium,resolved,2025-07-02,29
CO000000134,C00000256,fraud,web,high,investigating,2025-12-29,17
CO000000135,C00000251,branch,mobile,medium,resolved,2026-04-29,23
CO000000136,C00000105,fraud,mobile,high,resolved,2025-05-13,18
CO000000137,C00000055,digital,mobile,medium,resolved,2026-07-28,24
CO000000138,C00000140,branch,phone,medium,resolved,2026-04-01,1
CO000000139,C00000050,payment,web,medium,resolved,2025-02-01,18
CO000000140,C00000004,digital,branch,medium,resolved,2026-06-26,15
CO000000141,C00000133,branch,mobile,low,resolved,2026-01-18,24
CO000000142,C00000018,fraud,web,low,investigating,2026-04-06,10
CO000000143,C00000048,branch,branch,medium,resolved,2025-11-12,17
CO000000144,C00000283,payment,web,low,resolved,2026-06-25,14
CO000000145,C00000073,service,branch,medium,investigating,2025-10-05,10
CO000000146,C00000182,branch,phone,medium,resolved,2026-08-31,30
CO000000147,C00000232,service,branch,high,resolved,2025-06-29,12
CO000000148,C00000099,card,mobile,low,investigating,2025-07-09,27
CO000000149,C00000027,fraud,phone,medium,investigating,2026-07-26,19
CO000000150,C00000271,service,mobile,low,resolved,2025-10-27,14
CO000000151,C00000185,card,phone,high,open,2025-12-01,13
CO000000152,C00000054,fraud,phone,low,open,2025-11-11,25
CO000000153,C00000007,digital,mobile,low,resolved,2026-01-19,11
CO000000154,C00000221,payment,branch,medium,resolved,2025-09-15,14
CO000000155,C00000291,branch,web,medium,investigating,2026-01-04,23
CO000000156,C00000295,payment,branch,medium,resolved,2026-07-04,6
CO000000157,C00000195,service,phone,low,open,2025-06-22,6
CO000000158,C00000142,digital,branch,medium,resolved,2025-03-13,15
CO000000159,C00000191,digital,web,low,investigating,2026-07-30,19
CO000000160,C00000216,branch,mobile,low,investigating,2025-07-21,25
CO000000161,C00000270,payment,mobile,low,investigating,2026-06-30,17
CO000000162,C00000119,card,phone,low,resolved,2025-01-11,23
CO000000163,C00000067,branch,mobile,high,resolved,2025-11-10,1
CO000000164,C00000185,service,web,high,resolved,2026-06-05,11
CO000000165,C00000120,payment,branch,medium,resolved,2026-03-14,4
CO000000166,C00000159,payment,phone,low,resolved,2025-03-05,25
CO000000167,C00000106,digital,web,low,resolved,2025-10-23,31
CO000000168,C00000071,branch,mobile,low,resolved,2025-11-29,17
CO000000169,C00000071,card,mobile,medium,resolved,2025-05-12,26
CO000000170,C00000225,digital,mobile,low,resolved,2026-05-26,16
CO000000171,C00000059,branch,branch,high,investigating,2026-09-16,2
CO000000172,C00000086,service,phone,low,open,2025-07-29,29
CO000000173,C00000039,service,web,medium,resolved,2025-08-09,20
CO000000174,C00000002,service,phone,low,resolved,2026-07-25,28
CO000000175,C00000069,fraud,phone,low,resolved,2025-07-17,25
CO000000176,C00000022,digital,mobile,low,resolved,2026-08-12,5
CO000000177,C00000155,fraud,mobile,medium,investigating,2025-05-31,13
CO000000178,C00000136,digital,branch,low,investigating,2026-07-17,23
CO000000179,C00000174,branch,web,medium,resolved,2026-01-16,2
CO000000180,C00000247,branch,web,low,resolved,2025-01-08,27
CO000000181,C00000121,card,web,medium,investigating,2026-07-27,3
CO000000182,C00000119,fraud,mobile,low,open,2026-06-10,11
CO000000183,C00000156,fraud,branch,low,investigating,2025-01-29,10
CO000000184,C00000205,digital,phone,medium,investigating,2026-03-10,33
CO000000185,C00000103,service,mobile,low,resolved,2025-12-21,18
CO000000186,C00000054,fraud,web,medium,resolved,2026-05-22,32
CO000000187,C00000060,payment,web,low,resolved,2025-09-30,27
CO000000188,C00000240,service,phone,medium,investigating,2025-05-21,10
CO000000189,C00000021,branch,mobile,medium,resolved,2025-11-02,7
CO000000190,C00000061,service,web,medium,resolved,2025-01-11,2
CO000000191,C00000140,branch,branch,medium,resolved,2026-04-05,2
CO000000192,C00000182,payment,branch,medium,open,2025-05-31,7
CO000000193,C00000027,card,branch,low,resolved,2025-01-27,18
CO000000194,C00000064,digital,branch,medium,resolved,2026-10-01,31
CO000000195,C00000265,fraud,phone,medium,resolved,2026-05-22,34
CO000000196,C00000133,branch,web,medium,resolved,2025-07-02,3
CO000000197,C00000001,payment,mobile,medium,resolved,2025-04-12,24
CO000000198,C00000115,card,branch,medium,resolved,2026-02-21,17
CO000000199,C00000075,branch,phone,medium,resolved,2026-09-28,8
CO000000200,C00000098,payment,phone,low,resolved,2025-03-09,33
CO000000201,C00000218,service,branch,low,resolved,2025-08-10,31
CO000000202,C00000143,digital,branch,low,resolved,2026-05-22,26
CO000000203,C00000015,payment,phone,low,open,2026-07-19,5
CO000000204,C00000141,card,branch,low,resolved,2026-07-04,20
CO000000205,C00000135,digital,branch,low,resolved,2026-02-01,18
CO000000206,C00000118,service,mobile,low,resolved,2025-03-07,32
CO000000207,C00000185,branch,branch,low,resolved,2026-02-15,9
CO000000208,C00000200,card,web,low,open,2026-04-03,33
CO000000209,C00000096,card,phone,high,open,2026-08-21,33
CO000000210,C00000180,service,web,medium,resolved,2026-04-03,4
CO000000211,C00000053,digital,branch,medium,investigating,2025-10-26,20
CO000000212,C00000212,card,web,low,resolved,2025-10-16,4
CO000000213,C00000012,service,mobile,medium,resolved,2026-04-04,19
CO000000214,C00000196,payment,phone,medium,resolved,2025-05-10,12
CO000000215,C00000042,service,web,medium,open,2025-01-26,27
CO000000216,C00000281,service,branch,low,resolved,2025-12-16,23
CO000000217,C00000111,payment,web,high,resolved,2025-02-07,15
CO000000218,C00000109,digital,mobile,low,resolved,2025-06-02,30
CO000000219,C00000265,service,mobile,medium,open,2026-05-13,18
CO000000220,C00000119,service,mobile,low,investigating,2026-03-12,25
CO000000221,C00000121,fraud,branch,medium,investigating,2026-04-02,2
CO000000222,C00000231,digital,phone,low,open,2026-09-14,18
CO000000223,C00000097,branch,branch,medium,resolved,2026-07-09,24
CO000000224,C00000029,card,mobile,medium,resolved,2026-08-21,30
CO000000225,C00000293,card,web,medium,resolved,2025-11-12,3
CO000000226,C00000039,card,mobile,low,resolved,2025-03-05,4
CO000000227,C00000069,branch,web,medium,investigating,2026-05-12,27
CO000000228,C00000254,fraud,branch,low,resolved,2026-05-03,26
CO000000229,C00000053,card,phone,low,resolved,2025-08-07,20
CO000000230,C00000094,payment,web,low,investigating,2025-06-14,30
CO000000231,C00000192,service,mobile,low,resolved,2025-02-20,32
CO000000232,C00000013,payment,branch,medium,resolved,2026-05-02,13
CO000000233,C00000061,fraud,phone,medium,open,2026-01-05,2
CO000000234,C00000198,payment,branch,low,resolved,2025-04-13,8
CO000000235,C00000026,fraud,mobile,medium,resolved,2025-10-10,3
CO000000236,C00000113,payment,branch,low,resolved,2025-12-07,22
CO000000237,C00000011,branch,web,low,resolved,2025-12-02,7
CO000000238,C00000251,fraud,branch,low,resolved,2026-06-22,11
CO000000239,C00000195,fraud,mobile,low,resolved,2026-03-05,34
CO000000240,C00000290,digital,web,high,resolved,2025-05-09,14
CO000000241,C00000188,digital,branch,medium,resolved,2025-12-24,23
CO000000242,C00000210,card,web,medium,resolved,2025-03-10,16
CO000000243,C00000238,card,mobile,low,investigating,2026-03-30,4
CO000000244,C00000093,digital,mobile,low,resolved,2025-01-30,3
CO000000245,C00000190,service,phone,high,open,2026-02-17,29
CO000000246,C00000193,payment,branch,low,resolved,2025-05-20,2
CO000000247,C00000244,branch,phone,low,resolved,2026-09-10,12
CO000000248,C00000113,card,mobile,medium,resolved,2025-02-28,6
CO000000249,C00000220,branch,branch,medium,open,2025-10-20,16
CO000000250,C00000247,service,phone,high,resolved,2026-01-30,7
CO000000251,C00000276,service,web,high,resolved,2026-07-18,12
CO000000252,C00000279,fraud,mobile,medium,resolved,2025-02-03,11
CO000000253,C00000164,digital,phone,high,open,2025-11-12,28
CO000000254,C00000089,payment,branch,low,resolved,2025-09-30,10
CO000000255,C00000134,digital,web,low,open,2025-02-19,23
CO000000256,C00000124,payment,branch,low,resolved,2026-07-12,23
CO000000257,C00000225,payment,mobile,low,open,2025-03-29,25
CO000000258,C00000239,card,branch,low,resolved,2025-01-07,13
CO000000259,C00000116,fraud,web,medium,open,2025-04-22,30
CO000000260,C00000138,card,phone,low,open,2025-02-18,12
CO000000261,C00000038,card,branch,medium,open,2025-12-23,6
CO000000262,C00000036,service,web,low,resolved,2025-12-28,6
CO000000263,C00000091,service,branch,medium,resolved,2025-07-27,19
CO000000264,C00000018,fraud,phone,low,open,2025-10-29,3
CO000000265,C00000128,payment,branch,medium,open,2026-02-12,31
CO000000266,C00000039,service,web,low,resolved,2025-01-08,2
CO000000267,C00000250,card,phone,medium,resolved,2025-04-29,20
CO000000268,C00000177,branch,mobile,medium,resolved,2025-02-26,30
CO000000269,C00000297,service,mobile,low,investigating,2026-05-20,15
CO000000270,C00000041,service,web,low,open,2026-08-17,33
CO000000271,C00000162,card,web,medium,resolved,2025-07-25,34
CO000000272,C00000194,payment,web,high,investigating,2026-07-17,3
CO000000273,C00000273,service,phone,low,open,2026-05-07,7
CO000000274,C00000287,branch,branch,low,resolved,2025-11-07,26
CO000000275,C00000042,card,mobile,low,resolved,2026-08-01,11
CO000000276,C00000185,card,phone,medium,resolved,2026-08-14,15
CO000000277,C00000088,branch,phone,medium,investigating,2025-05-24,18
CO000000278,C00000124,digital,mobile,high,resolved,2025-07-24,28
CO000000279,C00000099,branch,web,medium,resolved,2025-03-08,27
CO000000280,C00000297,digital,mobile,medium,resolved,2026-05-30,17
CO000000281,C00000021,digital,mobile,low,resolved,2025-08-19,18
CO000000282,C00000242,digital,web,low,resolved,2026-07-05,22
CO000000283,C00000292,branch,branch,low,resolved,2025-09-27,7
CO000000284,C00000147,branch,branch,medium,resolved,2025-07-03,5
CO000000285,C00000127,card,phone,medium,open,2026-03-13,5
CO000000286,C00000235,service,web,low,resolved,2026-04-30,1
CO000000287,C00000064,payment,branch,medium,open,2025-09-07,17
CO000000288,C00000289,digital,mobile,low,investigating,2025-10-04,19
CO000000289,C00000054,card,web,low,resolved,2025-03-02,19
CO000000290,C00000005,card,branch,low,open,2025-05-05,24
CO000000291,C00000280,fraud,phone,medium,investigating,2025-04-25,23
CO000000292,C00000201,service,phone,medium,investigating,2025-06-19,30
CO000000293,C00000108,service,phone,low,resolved,2025-11-06,15
CO000000294,C00000259,branch,web,medium,resolved,2025-02-10,25
CO000000295,C00000199,service,branch,low,resolved,2026-08-21,2
CO000000296,C00000166,branch,web,low,open,2025-06-25,29
CO000000297,C00000074,digital,branch,medium,resolved,2026-09-05,23
CO000000298,C00000244,payment,branch,medium,resolved,2026-01-25,7
CO000000299,C00000243,service,web,medium,resolved,2025-10-21,15
CO000000300,C00000214,service,web,medium,investigating,2025-08-15,31
