customer_id,date_of_birth,customer_segment,region,onboarding_channel,customer_status
C00000001,1980-11-28,mass,Wales,web,active
C00000002,2007-07-05,student,North East,branch,active
C00000003,1960-07-27,affluent,Wales,web,active
C00000004,2011-07-11,mass,Scotland,web,active
C00000005,1991-03-18,student,Wales,mobile,active
C00000006,1968-01-24,mass,South West,web,active
C00000007,1977-05-16,student,Scotland,branch,active
C00000008,1991-11-08,mass,Scotland,mobile,active
C00000009,1978-02-24,affluent,South West,mobile,dormant
C00000010,1966-03-30,mass,Wales,branch,active
C00000011,1998-04-16,mass,Midlands,mobile,closed
C00000012,1998-08-26,student,Midlands,mobile,closed
C00000013,1966-11-01,mass,Scotland,mobile,active
C00000014,1976-03-02,mass,Midlands,mobile,active
C00000015,1974-01-08,mass,Midlands,web,active
C00000016,1997-11-29,affluent,South West,mobile,active
C00000017,2001-12-27,premier,Wales,web,active
C00000018,2001-10-18,business,South West,mobile,active
C00000019,2013-12-21,mass,South West,mobile,active
C00000020,2004-03-11,mass,North East,mobile,active
C00000021,1978-06-09,mass,Midlands,mobile,closed
C00000022,1966-03-12,affluent,South East,mobile,active
C00000023,1995-05-04,business,South East,mobile,active
C00000024,2012-08-31,affluent,Wales,branch,closed
C00000025,2016-01-25,affluent,North West,mobile,active
C00000026,1973-03-27,mass,South East,mobile,active
C00000027,1973-08-05,student,South East,mobile,active
C00000028,1962-02-24,mass,North West,web,active
C00000029,1968-02-14,mass,South West,mobile,active
C00000030,1991-11-25,mass,Scotland,partner,active
C00000031,1991-06-09,mass,South West,web,dormant
C00000032,1981-04-29,mass,South West,partner,active
C00000033,1977-10-27,mass,Scotland,web,active
C00000034,2007-09-16,mass,South West,branch,active
C00000035,1986-06-13,affluent,South West,mobile,active
C00000036,2006-06-21,mass,Midlands,branch,active
C00000037,2015-05-19,mass,North West,web,active
C00000038,1978-03-26,business,Scotland,mobile,active
C00000039,1971-08-28,premier,South West,mobile,active
C00000040,2014-10-14,affluent,London,web,active
C00000041,1996-07-01,mass,North East,branch,active
C00000042,1976-09-22,student,North East,mobile,active
C00000043,1995-10-03,mass,London,web,active
C00000044,1989-08-12,mass,South West,branch,active
C00000045,2012-01-24,student,North East,mobile,active
C00000046,1974-09-19,affluent,North East,web,active
C00000047,2016-12-31,premier,Wales,branch,active
C00000048,2013-10-25,affluent,South West,mobile,active
C00000049,1970-05-22,affluent,South West,mobile,active
C00000050,1969-06-18,mass,South East,web,dormant
C00000051,1990-08-27,mass,Scotland,branch,active
C00000052,1962-08-01,mass,North East,partner,dormant
C00000053,1977-03-06,mass,South East,web,dormant
C00000054,1985-01-06,student,North East,mobile,active
C00000055,2015-09-25,mass,South West,mobile,dormant
C00000056,2017-01-20,affluent,London,mobile,active
C00000057,1968-09-17,premier,Scotland,web,active
C00000058,2011-04-08,premier,North West,mobile,active
C00000059,1965-03-24,mass,Scotland,branch,active
C00000060,2003-01-15,mass,North West,branch,active
C00000061,2008-08-14,business,South West,partner,active
C00000062,2011-03-20,affluent,South West,mobile,active
C00000063,1972-11-04,premier,North East,web,active
C00000064,2011-05-15,student,Midlands,mobile,active
C00000065,1966-09-01,premier,South East,web,active
C00000066,1989-10-31,mass,South West,branch,active
C00000067,1986-12-30,affluent,North West,branch,active
C00000068,1978-03-01,mass,South East,web,active
C00000069,1961-04-09,affluent,South West,partner,active
C00000070,2004-05-21,business,Wales,mobile,active
C00000071,1979-04-18,mass,South West,mobile,active
C00000072,1998-01-15,mass,Wales,mobile,active
C00000073,1983-08-02,mass,North East,mobile,active
C00000074,1981-06-25,business,Scotland,mobile,active
C00000075,2010-12-16,mass,North West,web,active
C00000076,1965-06-06,mass,Scotland,mobile,active
C00000077,2002-05-08,mass,Scotland,web,active
C00000078,2002-12-08,mass,South West,branch,active
C00000079,1981-11-05,mass,South West,branch,active
C00000080,1975-02-02,mass,South West,web,active
C00000081,1960-04-21,mass,Scotland,mobile,active
C00000082,2013-11-11,mass,South East,web,active
C00000083,2014-06-28,mass,Midlands,branch,active
C00000084,1973-11-08,mass,Scotland,partner,active
C00000085,1961-11-01,mass,South West,web,active
C00000086,1967-01-21,affluent,Scotland,web,active
C00000087,1963-11-21,mass,Midlands,branch,dormant
C00000088,2007-10-14,mass,Midlands,mobile,active
C00000089,2011-04-13,mass,South East,mobile,active
C00000090,1968-10-23,mass,North West,mobile,active
C00000091,2002-12-07,mass,South West,mobile,active
C00000092,1970-04-22,mass,North West,branch,active
C00000093,1981-02-10,student,South West,mobile,dormant
C00000094,1994-06-18,mass,Scotland,mobile,active
C00000095,2001-05-23,mass,South East,mobile,active
C00000096,2010-04-13,mass,South West,mobile,active
C00000097,1962-07-29,mass,Wales,mobile,active
C00000098,1971-04-18,mass,Midlands,mobile,active
C00000099,1976-02-16,premier,London,mobile,active
C00000100,1977-11-03,student,North East,mobile,active
C00000100,2017-05-19,mass,North East,mobile,closed
C00000102,2004-09-11,mass,Scotland,web,active
C00000103,1978-06-03,mass,Scotland,mobile,active
C00000104,2015-11-16,mass,South West,mobile,active
C00000105,1988-09-15,affluent,South West,partner,active
C00000106,1988-10-15,mass,London,mobile,active
C00000107,1984-12-07,mass,London,web,active
C00000108,1968-04-09,student,Wales,web,active
C00000109,2013-09-20,mass,North West,branch,active
C00000110,1960-10-19,mass,Wales,mobile,active
C00000111,1970-01-07,affluent,South West,web,active
C00000112,1973-03-15,mass,South West,partner,active
C00000113,1976-01-22,mass,Midlands,mobile,active
C00000114,1967-07-31,mass,London,branch,active
C00000115,1961-01-12,student,South West,mobile,active
C00000116,1998-12-17,mass,Scotland,branch,active
C00000117,2015-09-24,mass,South West,web,active
C00000118,1967-01-02,mass,North West,mobile,active
C00000119,1977-01-18,mass,London,web,dormant
C00000120,1989-02-09,affluent,South East,web,active
C00000121,2013-04-29,mass,Midlands,mobile,dormant
C00000122,1999-12-01,affluent,South East,mobile,active
C00000123,2004-01-19,affluent,Wales,web,active
C00000124,1993-05-30,student,North West,web,active
C00000125,1983-12-23,mass,South West,web,active
C00000126,1971-06-27,student,South West,branch,active
C00000127,2009-09-10,affluent,South West,mobile,active
C00000128,2006-03-26,mass,Scotland,mobile,active
C00000129,1961-06-11,premier,Midlands,web,active
C00000130,2001-02-17,student,North East,web,active
C00000131,1964-11-07,mass,Scotland,mobile,active
C00000132,2002-06-27,student,Midlands,mobile,active
C00000133,2007-06-28,mass,South East,mobile,active
C00000134,1967-07-15,affluent,South East,web,active
C00000135,1984-12-10,business,Wales,mobile,active
C00000136,1967-02-11,mass,Wales,branch,active
C00000137,1992-08-12,premier,North East,web,active
C00000138,2013-04-30,mass,North West,web,active
C00000139,1964-08-25,premier,North East,mobile,active
C00000140,1982-11-10,affluent,Midlands,mobile,active
C00000141,2015-12-13,mass,Wales,partner,active
C00000142,1977-04-20,mass,South West,web,active
C00000143,1967-08-08,mass,Wales,mobile,active
C00000144,1988-02-03,mass,Midlands,mobile,active
C00000145,1989-03-24,mass,Scotland,mobile,active
C00000146,1998-02-10,mass,Midlands,branch,closed
C00000147,1978-01-14,mass,London,web,active
C00000148,2014-12-11,mass,South East,branch,active
C00000149,1989-12-15,affluent,Wales,branch,active
C00000150,1976-06-20,affluent,Scotland,web,active
C00000151,2015-03-18,affluent,Wales,partner,dormant
C00000152,2013-03-03,mass,Scotland,web,active
C00000153,1988-09-12,student,Wales,mobile,active
C00000154,1961-06-06,affluent,Wales,mobile,closed
C00000155,1994-04-27,mass,North East,mobile,active
C00000156,1991-12-03,mass,London,mobile,active
C00000157,1968-07-09,affluent,North East,mobile,active
C00000158,1996-06-13,mass,North East,mobile,active
C00000159,2008-05-04,mass,South West,mobile,active
C00000160,1966-02-01,business,South West,web,active
C00000161,2001-08-02,mass,Scotland,partner,dormant
C00000162,1968-01-26,mass,Wales,branch,dormant
C00000163,2003-01-20,business,London,mobile,active
C00000164,1984-02-05,affluent,Scotland,mobile,active
C00000165,1960-05-16,mass,London,mobile,active
C00000166,2015-07-21,student,South West,mobile,active
C00000167,1969-07-17,student,North East,branch,active
C00000168,1994-04-08,affluent,South West,web,active
C00000169,1970-06-07,affluent,North West,mobile,active
C00000170,2013-08-23,mass,London,web,active
C00000171,2002-06-13,mass,Midlands,branch,active
C00000172,2006-03-31,affluent,South West,branch,active
C00000173,1984-11-03,mass,Midlands,mobile,active
C00000174,1986-11-15,affluent,Scotland,branch,active
C00000175,1996-06-20,premier,North East,mobile,active
C00000176,2005-02-13,mass,North West,partner,active
C00000177,2008-09-11,affluent,North East,mobile,active
C00000178,1961-01-09,mass,North East,mobile,active
C00000179,1998-02-24,student,Midlands,mobile,active
C00000180,1966-04-11,mass,Midlands,mobile,active
C00000181,1976-07-21,affluent,South West,mobile,dormant
C00000182,2007-09-09,affluent,Scotland,mobile,active
C00000183,1974-05-27,mass,South West,web,active
C00000184,2005-10-24,affluent,Wales,branch,active
C00000185,1986-08-15,affluent,Midlands,mobile,active
C00000186,1973-05-17,affluent,South West,web,active
C00000187,1979-03-21,premier,Wales,web,active
C00000188,1990-07-08,business,North West,mobile,active
C00000189,2003-12-29,mass,London,mobile,active
C00000190,1994-11-04,mass,Midlands,branch,active
C00000191,2013-08-27,mass,South East,branch,active
C00000192,2009-11-21,premier,Wales,branch,active
C00000193,2003-04-25,affluent,Scotland,web,active
C00000194,1994-09-04,mass,South West,mobile,active
C00000195,1976-08-30,mass,Scotland,web,active
C00000196,1983-09-21,student,North East,branch,active
C00000197,1966-11-01,mass,South East,web,active
C00000198,1981-07-06,affluent,Wales,web,active
C00000199,2013-04-07,mass,South West,branch,active
C00000200,1984-06-26,business,London,branch,active
C00000201,1966-07-16,mass,London,branch,active
C00000202,1997-06-25,mass,North East,web,active
C00000203,2015-05-06,student,Midlands,mobile,active
C00000204,2009-11-16,student,South East,mobile,active
C00000205,1975-10-04,mass,Scotland,mobile,active
C00000206,1986-02-04,mass,Scotland,web,active
C00000207,1990-07-13,affluent,Scotland,mobile,active
C00000208,1974-04-01,student,North East,mobile,active
C00000209,1975-06-13,mass,Scotland,partner,active
C00000210,1973-08-09,mass,Wales,branch,active
C00000211,2017-03-08,premier,South West,web,active
C00000212,2002-11-22,affluent,Midlands,branch,active
C00000213,2008-05-05,premier,South West,mobile,active
C00000214,2006-12-12,affluent,South West,web,active
C00000215,2015-02-23,mass,North East,web,active
C00000216,1966-01-19,student,South West,web,active
C00000217,2010-09-09,student,South East,mobile,active
C00000218,1963-10-29,premier,North East,mobile,active
C00000219,1987-05-02,mass,North West,mobile,active
C00000220,1994-03-06,mass,Scotland,mobile,active
C00000221,1980-07-29,premier,Midlands,mobile,active
C00000222,1968-05-27,mass,South East,mobile,active
C00000223,1971-01-21,business,Midlands,mobile,active
C00000224,2007-05-31,mass,South East,mobile,active
C00000225,1978-04-29,affluent,North East,mobile,active
C00000226,1977-11-04,student,North West,branch,active
C00000227,2013-02-01,mass,Scotland,web,active
C00000228,1968-04-09,mass,London,mobile,dormant
C00000229,2012-08-15,affluent,Scotland,branch,active
C00000230,2012-12-13,affluent,South West,web,dormant
C00000231,1994-05-31,mass,North West,web,active
C00000232,1969-07-08,affluent,South West,mobile,active
C00000233,1968-12-17,student,London,branch,dormant
C00000234,1976-05-15,mass,South West,branch,active
C00000235,1993-03-13,mass,Midlands,branch,active
C00000236,1968-10-30,mass,South West,web,active
C00000237,1986-03-13,mass,North East,partner,active
C00000238,1966-08-22,mass,Scotland,branch,dormant
C00000239,1991-01-23,mass,North West,web,active
C00000240,1961-03-20,affluent,Midlands,branch,active
C00000241,2000-10-06,mass,Midlands,mobile,active
C00000242,1963-03-09,business,South West,web,active
C00000243,1971-03-15,mass,Midlands,mobile,closed
C00000244,1970-01-15,mass,Midlands,branch,active
C00000245,2007-10-11,premier,North East,mobile,active
C00000246,1963-01-26,student,Wales,partner,dormant
C00000247,1984-09-05,mass,Midlands,mobile,active
C00000248,1993-12-27,mass,Scotland,mobile,active
C00000249,1989-08-31,mass,North East,branch,active
C00000250,1999-02-20,affluent,Wales,mobile,active
C00000251,2006-03-05,mass,North West,mobile,active
C00000252,1982-08-19,mass,North West,web,active
C00000253,2007-08-14,mass,North East,web,active
C00000254,1978-04-13,mass,Midlands,web,dormant
C00000255,2016-08-06,business,Scotland,web,active
C00000256,1989-01-03,affluent,London,mobile,active
C00000257,2002-04-26,mass,Scotland,mobile,active
C00000258,2010-04-23,mass,Wales,mobile,active
C00000259,2005-07-28,mass,South East,mobile,active
C00000260,2008-12-07,mass,North East,partner,active
C00000261,1990-11-05,premier,London,web,active
C00000262,1962-07-01,student,South East,partner,active
C00000263,1988-05-07,student,South West,mobile,active
C00000264,1970-06-08,business,South West,mobile,active
C00000265,2011-02-13,business,South East,mobile,active
C00000266,1973-08-11,business,North East,branch,active
C00000267,1973-02-10,mass,South West,mobile,active
C00000268,1974-05-04,mass,Scotland,mobile,active
C00000269,1996-12-10,mass,North East,branch,active
C00000270,1992-11-03,affluent,Scotland,partner,active
C00000271,2014-07-21,mass,South West,branch,active
C00000272,1983-12-07,student,South West,mobile,active
C00000273,1976-03-24,affluent,London,web,active
C00000274,1962-10-31,affluent,South East,branch,active
C00000275,1960-05-28,mass,North West,web,active
C00000276,1981-06-24,mass,London,web,active
C00000277,2013-03-25,mass,North East,branch,active
C00000278,1990-02-10,student,South West,web,active
C00000279,2011-05-17,affluent,Scotland,web,dormant
C00000280,1965-11-05,affluent,South West,web,active
C00000281,1965-05-13,mass,Scotland,web,active
C00000282,2007-12-02,mass,North West,web,active
C00000283,1966-02-19,mass,South East,mobile,closed
C00000284,1962-12-27,premier,North East,mobile,active
C00000285,1983-03-26,premier,North East,web,active
C00000286,2013-03-04,mass,North West,partner,active
C00000287,1999-08-21,business,Wales,mobile,active
C00000288,1965-09-12,mass,London,web,active
C00000289,2008-02-17,student,North West,mobile,active
C00000290,2008-07-02,mass,North East,web,active
C00000291,2006-01-13,mass,Wales,partner,active
C00000292,2011-11-24,student,North East,branch,active
C00000293,1973-10-16,mass,South West,mobile,active
C00000294,2016-04-26,mass,South East,mobile,active
C00000295,1978-06-09,mass,Scotland,mobile,active
C00000296,2006-02-10,mass,South East,mobile,active
C00000297,1993-04-23,affluent,South East,branch,active
C00000298,2004-10-25,student,London,mobile,active
C00000299,1996-02-05,student,South East,mobile,active
C00000300,1996-12-09,mass,North West,mobile,active
C00000301,1995-06-07,affluent,London,web,active
C00000302,2004-10-14,mass,South West,web,active
C00000303,2002-06-28,mass,Scotland,web,active
C00000304,1967-09-26,mass,North West,web,active
C00000305,2007-06-30,business,Scotland,mobile,closed
C00000306,1990-10-27,student,Scotland,mobile,active
C00000307,1978-07-29,premier,London,mobile,dormant
C00000308,1989-07-25,mass,North East,branch,dormant
C00000309,2015-08-06,mass,South West,mobile,active
C00000310,2009-04-22,affluent,North West,mobile,active
C00000311,2007-12-07,affluent,London,web,active
C00000312,1986-08-10,mass,London,web,active
C00000313,2005-01-30,mass,Wales,branch,active
C00000314,1982-02-20,mass,South West,mobile,active
C00000315,1999-06-14,business,North East,mobile,active
C00000316,1996-10-08,mass,London,web,active
C00000317,1974-05-12,business,Scotland,web,active
C00000318,1975-04-27,mass,Midlands,mobile,active
C00000319,1963-07-07,affluent,North West,mobile,active
C00000320,1968-01-14,mass,Midlands,mobile,closed
C00000321,1984-12-05,mass,Midlands,mobile,active
C00000322,1987-06-23,mass,Midlands,web,active
C00000323,1969-06-29,mass,South East,web,active
C00000324,1983-12-20,student,London,mobile,active
C00000325,1994-09-26,mass,Scotland,mobile,active
C00000326,1973-05-15,affluent,South West,branch,active
C00000327,1979-06-12,mass,Midlands,branch,active
C00000328,1981-02-16,mass,Wales,mobile,dormant
C00000329,1989-01-14,affluent,South West,mobile,dormant
C00000330,1981-01-24,mass,Midlands,partner,active
C00000331,2002-05-15,business,North East,mobile,active
C00000332,1978-10-30,premier,North East,mobile,active
C00000333,1984-12-11,premier,North East,branch,active
C00000334,1981-10-25,mass,North West,mobile,active
C00000335,1970-07-08,mass,Midlands,web,active
C00000336,1999-06-05,student,Wales,mobile,active
C00000337,1973-07-15,mass,North East,web,active
C00000338,1977-01-25,mass,Scotland,web,active
C00000339,2005-07-30,mass,Midlands,branch,active
C00000340,2014-07-22,premier,South West,mobile,active
C00000341,1998-07-27,affluent,North East,partner,active
C00000342,2012-09-07,premier,Scotland,mobile,active
C00000343,2009-02-10,premier,Scotland,branch,active
C00000344,1987-08-26,mass,Scotland,web,active
C00000345,2004-04-15,student,North West,web,active
C00000346,1978-11-17,mass,North West,mobile,active
C00000347,1986-06-23,affluent,North East,mobile,active
C00000348,1990-10-14,mass,Wales,mobile,active
C00000349,2015-03-23,business,Midlands,web,active
C00000350,2008-10-14,mass,Midlands,mobile,active
C00000351,1988-02-17,mass,South West,branch,active
C00000352,1997-07-09,mass,South West,web,active
C00000353,1971-08-20,mass,Midlands,partner,active
C00000354,2006-04-01,mass,Midlands,web,active
C00000355,1991-10-18,affluent,Wales,mobile,active
C00000356,1990-08-18,mass,South West,branch,active
C00000357,2004-01-21,student,Midlands,partner,active
C00000358,1996-05-22,mass,Scotland,partner,active
C00000359,1964-03-01,affluent,South East,mobile,active
C00000360,1976-07-26,mass,Scotland,web,active
C00000361,1970-02-28,affluent,London,mobile,dormant
C00000362,2002-04-02,affluent,North East,mobile,active
C00000363,1962-01-08,mass,Midlands,branch,closed
C00000364,1971-08-21,business,Midlands,branch,closed
C00000365,1994-05-08,mass,Midlands,mobile,dormant
C00000366,1999-12-12,mass,Wales,web,active
C00000367,1988-12-08,affluent,South West,branch,active
C00000368,2009-06-27,student,Scotland,mobile,active
C00000369,2012-10-31,mass,South West,mobile,active
C00000370,1967-08-06,mass,North West,mobile,active
C00000371,2014-10-06,student,South West,branch,active
C00000372,1995-04-28,premier,London,mobile,active
C00000373,1996-07-30,business,South West,mobile,active
C00000374,1965-06-20,affluent,London,mobile,active
C00000375,1995-10-03,affluent,North East,web,active
C00000376,2001-09-22,mass,North West,branch,active
C00000377,1993-05-23,business,Scotland,web,active
C00000378,1964-11-09,mass,North West,web,active
C00000379,1990-01-30,affluent,North East,web,active
C00000380,2013-10-23,mass,Midlands,web,active
C00000381,2001-08-04,affluent,Scotland,mobile,active
C00000382,1967-11-25,affluent,North East,web,active
C00000383,2015-03-11,mass,North West,web,active
C00000384,2015-02-17,student,South East,branch,active
C00000385,1969-09-27,mass,South West,partner,active
C00000386,2006-01-17,affluent,Scotland,mobile,active
C00000387,1983-05-21,mass,South East,web,active
C00000388,1994-02-18,mass,Wales,mobile,active
C00000389,1985-08-05,mass,Midlands,branch,active
C00000390,2004-12-30,mass,South East,mobile,active
C00000391,2017-04-20,mass,Midlands,mobile,active
C00000392,2005-09-18,affluent,North West,mobile,active
C00000393,2013-07-19,affluent,North East,mobile,active
C00000394,2014-05-23,affluent,London,mobile,active
C00000395,1965-03-07,mass,South West,mobile,active
C00000396,1974-07-27,mass,North East,mobile,active
C00000397,2001-07-02,mass,North East,partner,active
C00000398,1993-12-04,premier,Scotland,branch,closed
C00000399,1962-11-19,student,South East,mobile,active
C00000400,1965-06-19,mass,North East,mobile,active
C00000401,1989-12-05,affluent,Scotland,mobile,active
C00000402,1995-06-05,mass,Wales,mobile,active
C00000403,1969-08-23,mass,Scotland,web,active
C00000404,1969-11-06,mass,North East,partner,active
C00000405,1967-06-09,mass,Wales,mobile,active
C00000406,1992-06-24,affluent,Scotland,web,active
C00000407,1960-06-13,student,Scotland,branch,active
C00000408,1992-11-29,mass,North East,mobile,dormant
C00000409,1987-05-13,affluent,Scotland,mobile,active
C00000410,1986-10-16,affluent,South West,branch,active
C00000411,1999-01-20,business,London,mobile,active
C00000412,1990-01-18,affluent,Midlands,web,active
C00000413,2001-11-03,mass,Wales,web,dormant
C00000414,2003-12-03,affluent,Midlands,mobile,active
C00000415,2012-11-25,mass,North East,mobile,closed
C00000416,2005-12-14,business,South East,mobile,active
C00000417,1989-10-06,mass,Wales,branch,active
C00000418,1988-04-18,affluent,South West,branch,active
C00000419,1973-07-20,mass,London,web,active
C00000420,1994-06-22,mass,North East,partner,active
C00000421,1967-12-31,student,Wales,branch,active
C00000422,2013-07-16,affluent,South West,mobile,active
C00000423,2008-08-01,mass,North East,web,active
C00000424,1966-11-19,student,Midlands,web,active
C00000425,2005-03-10,student,London,mobile,active
C00000426,1966-09-25,mass,Midlands,mobile,active
C00000427,2001-06-19,affluent,South East,web,active
C00000428,1965-01-15,mass,North West,web,active
C00000429,1988-01-26,affluent,Wales,branch,active
C00000430,1997-10-28,mass,Wales,web,active
C00000431,2001-11-26,mass,North East,branch,active
C00000432,1984-01-25,student,South West,web,active
C00000433,2012-12-27,student,Midlands,branch,active
C00000434,2004-07-08,student,North East,mobile,active
C00000435,1971-12-22,business,London,branch,dormant
C00000436,1998-08-04,premier,South East,mobile,active
C00000437,2002-01-01,premier,Scotland,mobile,active
C00000438,1979-03-08,premier,North West,branch,active
C00000439,2002-06-11,mass,Wales,mobile,active
C00000440,2011-08-26,mass,Scotland,mobile,active
C00000441,2006-12-24,mass,Midlands,web,active
C00000442,2003-11-04,affluent,North East,web,active
C00000443,1996-06-24,mass,North East,web,active
C00000444,1975-07-22,mass,North West,branch,active
C00000445,2005-09-20,affluent,Scotland,mobile,active
C00000446,1980-12-09,mass,South West,web,closed
C00000447,1990-08-07,mass,London,branch,active
C00000448,1978-01-29,premier,South West,mobile,active
C00000449,1977-12-30,student,Scotland,partner,dormant
C00000450,1969-01-22,mass,North East,partner,active
C00000451,2015-04-09,mass,South West,mobile,active
C00000452,1968-06-30,mass,South West,web,active
C00000453,1964-12-16,premier,Midlands,mobile,active
C00000454,2013-10-27,premier,North East,web,active
C00000455,1991-11-29,mass,North East,branch,dormant
C00000456,1985-03-05,premier,London,branch,active
C00000457,2002-05-27,mass,Wales,mobile,active
C00000458,1982-01-14,mass,North East,mobile,active
C00000459,1967-05-10,business,Midlands,web,active
C00000460,2001-12-14,mass,South East,mobile,active
C00000461,1970-02-12,mass,Midlands,web,active
C00000462,1991-10-17,mass,Scotland,web,active
C00000463,2014-07-26,affluent,Midlands,mobile,active
C00000464,2013-10-27,student,Wales,web,active
C00000465,1980-09-28,business,Scotland,mobile,active
C00000466,2004-11-11,mass,Midlands,mobile,active
C00000467,1995-03-24,mass,North West,mobile,active
C00000468,1987-07-24,premier,South West,web,active
C00000469,1968-01-17,mass,Wales,web,active
C00000470,1981-08-21,student,South East,web,closed
C00000471,1997-06-25,affluent,South West,web,active
C00000472,2016-09-22,mass,South East,partner,active
C00000473,1960-04-12,premier,North West,mobile,active
C00000474,2001-04-07,mass,South West,partner,active
C00000475,2008-08-29,mass,North West,mobile,active
C00000476,2014-09-09,affluent,Scotland,mobile,active
C00000477,1984-05-13,mass,North East,mobile,active
C00000478,1966-10-24,affluent,South West,mobile,active
C00000479,1975-07-31,affluent,South West,mobile,active
C00000480,2008-11-25,business,London,mobile,active
C00000481,2010-06-23,business,Scotland,branch,active
C00000482,1996-08-17,mass,Midlands,mobile,closed
C00000483,1967-01-21,mass,South East,web,active
C00000484,1967-01-04,affluent,North East,web,active
C00000485,1987-06-29,business,South West,mobile,active
C00000486,1993-10-27,mass,London,mobile,active
C00000487,1961-11-10,mass,Midlands,mobile,active
C00000488,1999-06-13,mass,South West,mobile,active
C00000489,1991-04-22,mass,South West,web,active
C00000490,1960-09-15,affluent,Midlands,mobile,active
C00000491,1965-07-02,mass,Wales,web,active
C00000492,1986-02-13,premier,Midlands,web,active
C00000493,2001-07-18,premier,South West,mobile,active
C00000494,2007-06-16,premier,North West,web,active
C00000495,1984-10-18,mass,Scotland,mobile,active
C00000496,1976-12-24,mass,Scotland,web,active
C00000497,2015-09-03,premier,London,web,active
C00000498,1986-05-13,premier,London,web,active
C00000499,1978-02-18,mass,Scotland,web,active
C00000500,1985-06-06,student,Scotland,web,active
C00000501,1960-09-10,mass,Scotland,partner,active
C00000502,1977-05-11,student,South West,mobile,active
C00000503,1989-08-22,mass,Wales,web,active
C00000504,2012-10-21,mass,South West,web,active
C00000505,2002-06-11,affluent,South West,mobile,active
C00000506,2004-12-02,mass,South West,web,active
C00000507,1991-04-30,mass,South East,mobile,active
C00000508,1966-05-11,mass,Scotland,mobile,active
C00000509,1982-06-23,mass,Midlands,branch,active
C00000510,2017-04-28,premier,Wales,mobile,active
C00000511,1962-07-16,mass,Midlands,web,active
C00000512,2010-07-20,affluent,London,mobile,dormant
C00000513,1999-05-10,premier,North West,mobile,active
C00000514,1976-04-28,mass,London,mobile,active
C00000515,2004-09-23,mass,North West,mobile,active
C00000516,2008-02-12,student,South West,web,active
C00000517,1962-06-26,premier,Wales,web,active
C00000518,1966-02-12,affluent,Wales,branch,active
C00000519,1998-04-11,premier,North West,mobile,active
C00000520,2017-06-11,mass,Scotland,mobile,active
C00000521,1961-05-18,mass,South West,mobile,active
C00000522,1998-04-10,affluent,Scotland,mobile,active
C00000523,1967-11-07,mass,North East,mobile,active
C00000524,1997-05-18,premier,Midlands,mobile,active
C00000525,1995-11-02,mass,South West,mobile,active
C00000526,1965-03-14,premier,North East,mobile,active
C00000527,1999-02-20,mass,South East,mobile,active
C00000528,2011-07-29,mass,North East,web,active
C00000529,2009-08-23,mass,London,web,active
C00000530,1961-08-31,mass,Scotland,mobile,active
C00000531,1974-02-20,premier,Scotland,web,active
C00000532,1973-11-05,mass,South East,web,active
C00000533,1986-01-23,mass,Wales,branch,active
C00000534,1968-03-22,mass,North West,mobile,active
C00000535,2009-02-13,mass,South West,mobile,active
C00000536,2004-08-29,premier,North East,web,active
C00000537,2006-06-23,mass,North East,mobile,active
C00000538,1971-05-25,business,South West,web,dormant
C00000539,1960-11-02,mass,North West,mobile,active
C00000540,2012-05-10,affluent,North West,mobile,active
C00000541,1976-08-11,mass,North West,partner,active
C00000542,1997-09-24,mass,Scotland,mobile,active
C00000543,2012-04-15,student,London,web,active
C00000544,1962-01-29,business,North East,partner,active
C00000545,1960-04-24,student,Scotland,web,active
C00000546,1960-04-24,mass,Wales,branch,active
C00000547,1968-12-26,mass,Midlands,web,active
C00000548,1962-12-20,affluent,London,branch,active
C00000549,2007-02-22,mass,South West,mobile,active
C00000550,1994-11-02,affluent,Midlands,web,active
C00000551,2016-05-06,affluent,Midlands,web,active
C00000552,2006-01-30,affluent,North East,mobile,active
C00000553,2015-05-18,premier,South East,mobile,active
C00000554,1973-09-18,affluent,London,web,active
C00000555,1976-07-18,mass,South West,web,active
C00000556,2008-11-01,mass,Midlands,mobile,active
C00000557,1974-01-29,affluent,London,web,active
C00000558,1963-04-16,mass,Scotland,mobile,active
C00000559,1998-06-21,mass,London,branch,active
C00000560,2006-01-19,mass,North West,web,active
C00000561,2015-09-01,premier,North East,partner,active
C00000562,2013-05-05,premier,North East,mobile,active
C00000563,1966-11-29,affluent,Scotland,mobile,closed
C00000564,2004-05-23,mass,South West,branch,active
C00000565,2008-08-24,mass,Wales,web,active
C00000566,2000-02-20,affluent,Midlands,mobile,active
C00000567,2007-02-18,mass,North West,mobile,active
C00000568,2008-03-06,affluent,North East,partner,active
C00000569,1985-09-03,affluent,Midlands,branch,dormant
C00000570,1962-04-23,mass,Midlands,mobile,active
C00000571,1986-03-25,mass,North East,mobile,active
C00000572,1971-08-08,mass,South East,web,active
C00000573,1966-07-16,student,London,mobile,active
C00000574,1967-03-08,affluent,Wales,mobile,active
C00000575,2000-02-04,mass,North West,branch,active
C00000576,1989-01-03,student,Wales,web,active
C00000577,1991-01-14,mass,North East,web,closed
C00000578,2002-11-04,mass,Scotland,branch,active
C00000579,1991-07-10,student,Midlands,mobile,active
C00000580,1996-03-22,mass,North East,web,active
C00000581,1964-12-11,mass,London,branch,dormant
C00000582,2008-12-07,affluent,Midlands,mobile,dormant
C00000583,1985-10-20,mass,Midlands,mobile,active
C00000584,1968-12-03,affluent,Wales,mobile,active
C00000585,2006-10-05,mass,South East,mobile,active
C00000586,2002-03-28,mass,Scotland,mobile,closed
C00000587,1963-01-18,mass,Midlands,mobile,active
C00000588,1971-02-05,mass,Midlands,mobile,active
C00000589,1960-11-26,mass,Scotland,web,active
C00000590,1975-07-26,mass,Midlands,mobile,active
C00000591,1965-09-30,student,South East,branch,active
C00000592,2000-10-24,mass,Scotland,web,active
C00000593,1990-01-16,mass,North West,branch,active
C00000594,2016-05-10,mass,South East,web,active
C00000595,2003-02-01,mass,Wales,mobile,active
C00000596,1995-02-28,mass,Scotland,web,active
C00000597,1989-04-13,affluent,North East,mobile,active
C00000598,1963-02-18,mass,Scotland,mobile,active
C00000599,1964-01-14,student,North East,mobile,active
C00000600,1995-06-08,student,Scotland,branch,active
C00000601,1960-04-01,mass,Midlands,mobile,active
C00000602,1962-06-08,mass,North West,web,active
C00000603,1972-08-06,mass,Scotland,web,active
C00000604,2010-11-01,affluent,Scotland,branch,active
C00000605,1986-05-21,mass,North West,web,active
C00000606,2000-10-18,student,North West,web,active
C00000607,1983-08-30,premier,Midlands,web,active
C00000608,1969-12-14,premier,South West,web,active
C00000609,1981-05-04,affluent,North East,web,dormant
C00000610,1965-04-10,business,North East,mobile,active
C00000611,2004-04-14,mass,Wales,web,closed
C00000612,1970-07-21,mass,South West,web,active
C00000613,1981-08-21,mass,North East,branch,active
C00000614,2016-05-06,business,London,mobile,active
C00000615,1994-01-13,affluent,South East,branch,active
C00000616,1986-05-13,premier,South West,partner,active
C00000617,1991-03-22,mass,London,mobile,active
C00000618,2005-01-29,business,South West,web,active
C00000619,1974-08-19,mass,London,web,active
C00000620,1996-08-03,mass,South West,partner,active
C00000621,2010-03-05,business,North East,branch,dormant
C00000622,1992-11-28,mass,South West,web,closed
C00000623,1985-09-03,mass,South West,web,active
C00000624,1968-05-05,affluent,Scotland,branch,active
C00000625,1974-04-11,mass,Wales,web,active
C00000626,2014-05-23,mass,Midlands,mobile,active
C00000627,1991-02-13,mass,Scotland,web,active
C00000628,1977-04-29,mass,Scotland,mobile,active
C00000629,1984-01-20,student,Wales,mobile,active
C00000630,1993-03-26,affluent,Midlands,branch,closed
C00000631,1990-11-27,mass,Scotland,branch,active
C00000632,2000-03-26,mass,South West,branch,active
C00000633,1974-10-21,mass,Scotland,web,dormant
C00000634,1997-04-29,affluent,North East,mobile,active
C00000635,1985-06-14,student,Scotland,mobile,active
C00000636,2014-01-29,student,South West,web,dormant
C00000637,1969-01-29,mass,North West,web,closed
C00000638,1968-07-14,mass,Wales,mobile,active
C00000639,1986-07-17,mass,North East,partner,active
C00000640,1989-03-24,affluent,Scotland,mobile,active
C00000641,1999-09-21,mass,North East,web,active
C00000642,1983-03-25,affluent,Midlands,branch,active
C00000643,2012-07-14,affluent,Scotland,web,active
C00000644,1987-04-06,mass,Midlands,partner,active
C00000645,1967-06-09,mass,Scotland,web,active
C00000646,1966-11-08,mass,Midlands,mobile,active
C00000647,2015-12-19,mass,South West,mobile,active
C00000648,1967-09-16,mass,Scotland,mobile,active
C00000649,2014-06-30,affluent,Midlands,web,active
C00000650,1975-12-27,mass,Midlands,web,active
C00000651,1965-05-15,mass,Scotland,partner,active
C00000652,1977-07-08,affluent,North West,mobile,active
C00000653,1995-05-05,premier,North East,branch,active
C00000654,1984-08-07,mass,North East,mobile,active
C00000655,2005-03-02,premier,South West,branch,active
C00000656,1995-02-16,student,Wales,mobile,active
C00000657,1983-01-16,affluent,North West,mobile,active
C00000658,1996-06-27,affluent,Midlands,web,active
C00000659,2015-11-08,mass,London,mobile,dormant
C00000660,1983-09-05,business,North West,branch,active
C00000661,1968-10-27,mass,Wales,branch,active
C00000662,1983-07-03,student,South West,web,active
C00000663,2008-04-20,affluent,North West,web,active
C00000664,1972-07-06,mass,Scotland,branch,active
C00000665,2014-07-27,mass,North East,branch,active
C00000666,1993-10-28,affluent,South West,mobile,active
C00000667,1994-08-03,affluent,South East,mobile,active
C00000668,1978-03-24,mass,Scotland,mobile,active
C00000669,2012-12-02,premier,South West,mobile,active
C00000670,1962-01-27,student,South West,web,active
C00000671,1977-03-04,mass,Wales,mobile,active
C00000672,1984-01-21,mass,Scotland,web,active
C00000673,1987-06-10,mass,South West,branch,active
C00000674,1987-04-05,premier,South West,partner,active
C00000675,1968-07-03,mass,London,partner,active
C00000676,1972-12-20,student,North East,web,active
C00000677,1965-06-23,mass,North East,mobile,active
C00000678,1992-11-29,affluent,South West,mobile,active
C00000679,1980-03-04,mass,North East,web,dormant
C00000680,1992-07-12,mass,Scotland,web,active
C00000681,1993-11-27,premier,Wales,mobile,active
C00000682,2000-05-12,mass,Midlands,mobile,active
C00000683,1991-06-14,affluent,North West,mobile,active
C00000684,1997-04-02,business,North West,web,active
C00000685,1993-10-04,business,South West,web,active
C00000686,1997-07-06,student,South East,web,active
C00000687,1995-06-15,mass,Midlands,web,active
C00000688,1978-03-07,affluent,South West,mobile,active
C00000689,1974-02-27,student,Scotland,mobile,active
C00000690,2005-04-10,mass,Wales,branch,active
C00000691,1979-09-14,mass,North East,web,active
C00000692,1991-07-29,premier,North East,mobile,active
C00000693,1971-04-29,mass,South West,mobile,active
C00000694,1984-10-20,affluent,South East,mobile,active
C00000695,1990-06-14,business,Midlands,mobile,dormant
C00000696,1995-12-29,affluent,South East,mobile,active
C00000697,1990-04-06,mass,South West,mobile,active
C00000698,1980-09-25,mass,South West,branch,active
C00000699,2015-04-19,mass,Midlands,web,active
C00000700,1989-06-24,mass,North West,mobile,active
C00000701,2006-06-22,premier,Midlands,mobile,active
C00000702,2002-05-10,premier,South West,mobile,active
C00000703,1992-02-06,mass,North East,web,active
C00000704,2010-12-18,mass,London,mobile,active
C00000705,1967-05-17,student,Wales,web,active
C00000706,2012-12-15,mass,North West,partner,active
C00000707,2008-11-18,affluent,South West,web,active
C00000708,1988-12-15,mass,North West,mobile,active
C00000709,2002-03-02,affluent,Scotland,web,active
C00000710,1989-11-29,mass,Wales,mobile,active
C00000711,1975-06-15,affluent,London,mobile,active
C00000712,2005-12-27,mass,Scotland,mobile,active
C00000713,1974-02-20,affluent,London,mobile,active
C00000714,1978-01-29,mass,South West,branch,active
C00000715,1989-11-09,mass,South East,mobile,dormant
C00000716,2008-02-23,affluent,South West,branch,active
C00000717,1982-01-27,mass,Scotland,mobile,active
C00000718,1988-05-29,mass,Scotland,mobile,active
C00000719,1962-05-24,mass,Scotland,partner,active
C00000720,1966-08-29,mass,London,branch,active
C00000721,1963-03-20,mass,Scotland,mobile,active
C00000722,1964-02-22,business,North East,mobile,active
C00000723,2009-12-07,mass,North East,branch,active
C00000724,2008-05-29,premier,South East,mobile,active
C00000725,2007-04-03,business,Wales,branch,closed
C00000726,1963-03-12,mass,Scotland,mobile,active
C00000727,1964-06-18,affluent,South East,mobile,active
C00000728,1976-02-18,student,London,mobile,dormant
C00000729,1992-07-02,affluent,North East,mobile,active
C00000730,1979-03-18,mass,Scotland,branch,active
C00000731,1988-01-12,mass,North East,branch,active
C00000732,1969-12-11,mass,North West,branch,dormant
C00000733,2002-01-06,affluent,North East,mobile,active
C00000734,1978-01-17,business,Scotland,mobile,active
C00000735,1963-10-29,business,South West,mobile,closed
C00000736,2002-09-13,mass,North East,mobile,active
C00000737,2011-11-27,affluent,London,branch,closed
C00000738,1960-11-04,mass,South West,partner,active
C00000739,1985-02-08,student,North East,branch,dormant
C00000740,2007-07-23,mass,Scotland,branch,active
C00000741,2000-08-07,student,London,branch,active
C00000742,2009-03-31,premier,North West,partner,active
C00000743,1983-11-15,mass,North East,mobile,active
C00000744,1981-05-27,mass,South East,mobile,active
C00000745,2000-10-09,premier,Scotland,partner,dormant
C00000746,1968-10-30,mass,Scotland,branch,active
C00000747,1973-10-06,affluent,Wales,partner,active
C00000748,1994-07-18,student,Scotland,mobile,active
C00000749,1998-06-07,affluent,South East,mobile,active
C00000750,1966-11-18,mass,Wales,mobile,active
C00000751,1989-03-23,mass,London,mobile,active
C00000752,1980-12-24,mass,South West,partner,active
C00000753,1988-11-05,business,North West,branch,active
C00000754,2015-02-08,mass,North East,partner,active
C00000755,1964-05-27,mass,London,mobile,active
C00000756,2017-03-26,mass,Scotland,web,active
C00000757,1985-11-06,business,South West,partner,active
C00000758,2004-05-23,mass,North East,branch,active
C00000759,1984-05-27,student,South East,web,active
C00000760,1977-11-17,affluent,South West,mobile,active
C00000761,2004-04-21,premier,South West,web,active
C00000762,1999-07-15,business,South West,branch,active
C00000763,1968-04-13,student,Wales,mobile,active
C00000764,2000-07-22,business,Midlands,web,active
C00000765,2003-04-19,mass,North East,mobile,active
C00000766,1982-04-19,premier,Wales,branch,active
C00000767,2013-03-21,affluent,South West,mobile,active
C00000768,1996-11-05,affluent,South West,web,active
C00000769,1979-03-08,student,Midlands,branch,active
C00000770,1960-08-13,business,South East,web,active
C00000771,1998-10-22,affluent,London,partner,active
C00000772,1972-01-08,mass,South East,branch,active
C00000773,2003-07-01,mass,Scotland,branch,active
C00000774,1990-03-10,mass,Wales,web,dormant
C00000775,1986-11-01,mass,London,branch,active
C00000776,1969-05-31,mass,South West,mobile,active
C00000777,2000-11-27,mass,South West,web,active
C00000778,1969-07-16,mass,Wales,mobile,active
C00000779,1984-01-07,premier,Scotland,mobile,active
C00000780,2008-01-31,mass,North West,web,dormant
C00000781,2012-11-30,student,North East,mobile,active
C00000782,2016-11-13,affluent,South East,mobile,active
C00000783,2015-01-30,mass,North West,mobile,active
C00000784,1991-12-19,mass,South East,web,active
C00000785,1971-07-12,mass,Scotland,web,active
C00000786,2008-03-29,business,Wales,mobile,active
C00000787,2006-02-02,mass,North East,mobile,active
C00000788,2016-12-08,mass,Scotland,branch,active
C00000789,1997-06-04,student,South West,mobile,active
C00000790,1968-02-21,business,South West,branch,active
C00000791,1988-11-29,mass,Midlands,partner,active
C00000792,1985-10-09,mass,North East,mobile,active
C00000793,2008-06-18,mass,Scotland,web,active
C00000794,1982-07-28,mass,London,branch,active
C00000795,1978-11-22,mass,North West,mobile,active
C00000796,1964-08-08,affluent,North East,mobile,active
C00000797,2008-01-13,student,North East,mobile,active
C00000798,2003-06-05,affluent,South West,web,active
C00000799,1962-05-15,affluent,South West,partner,active
C00000800,1984-12-09,mass,South East,web,active
C00000801,1987-08-01,premier,London,branch,active
C00000802,1986-12-25,affluent,South West,web,dormant
C00000803,2012-10-31,student,North East,branch,dormant
C00000804,1968-08-30,business,Scotland,web,active
C00000805,1977-08-12,mass,South West,mobile,active
C00000806,1970-05-27,mass,Wales,mobile,active
C00000807,1974-01-12,mass,South East,branch,closed
C00000808,2012-02-26,mass,South West,branch,dormant
C00000809,2014-02-01,business,Midlands,mobile,active
C00000810,1962-07-26,mass,London,web,active
C00000811,1996-05-04,premier,London,web,active
C00000812,1973-05-21,affluent,Wales,partner,active
C00000813,1971-01-26,mass,Scotland,branch,active
C00000814,1976-10-16,mass,South West,mobile,active
C00000815,1971-03-06,affluent,North East,mobile,active
C00000816,1988-03-08,affluent,Wales,mobile,active
C00000817,2017-03-29,mass,Scotland,mobile,active
C00000818,1993-09-19,mass,Scotland,mobile,active
C00000819,2001-08-01,affluent,South East,mobile,active
C00000820,1988-05-12,mass,Scotland,mobile,active
C00000821,1960-10-19,student,North East,mobile,dormant
C00000822,1964-11-01,mass,Wales,web,active
C00000823,1975-06-17,mass,South West,branch,active
C00000824,1974-01-04,mass,North East,partner,active
C00000825,2008-04-30,mass,South East,mobile,active
C00000826,2008-07-02,mass,Scotland,web,active
C00000827,2009-02-08,mass,North East,web,active
C00000828,1996-08-28,business,London,web,active
C00000829,1991-12-23,mass,North East,web,active
C00000830,1997-04-28,mass,South West,web,active
C00000831,1983-05-22,mass,London,mobile,active
C00000832,1998-07-14,mass,North East,mobile,active
C00000833,2005-09-04,affluent,Midlands,branch,active
C00000834,2003-11-11,mass,Scotland,mobile,active
C00000835,1995-04-17,affluent,South West,branch,active
C00000836,1963-05-05,mass,South West,mobile,active
C00000837,2001-09-05,business,South West,branch,active
C00000838,1981-01-28,mass,South West,mobile,active
C00000839,2002-10-04,student,Scotland,branch,closed
C00000840,1991-01-08,mass,Scotland,mobile,closed
C00000841,2010-08-30,mass,North East,web,closed
C00000842,1979-06-17,premier,South West,web,active
C00000843,2013-07-20,affluent,South East,mobile,active
C00000844,2008-07-21,premier,London,mobile,active
C00000845,1979-01-14,mass,South West,mobile,active
C00000846,1987-09-30,affluent,Scotland,mobile,active
C00000847,1990-07-20,student,Scotland,web,active
C00000848,2004-03-11,affluent,South West,mobile,active
C00000849,1999-08-16,mass,London,partner,active
C00000850,2008-12-26,affluent,North West,branch,active
C00000851,1981-04-07,affluent,London,web,active
C00000852,1989-01-08,business,North East,mobile,active
C00000853,1984-10-09,mass,Scotland,mobile,active
C00000854,2012-04-17,mass,South West,web,active
C00000855,1977-07-14,premier,Midlands,branch,active
C00000856,1993-10-03,mass,Scotland,web,active
C00000857,1966-11-28,affluent,Scotland,mobile,active
C00000858,2008-11-19,mass,North East,branch,active
C00000859,1982-02-02,mass,North East,branch,active
C00000860,1979-08-01,premier,North East,web,active
C00000861,1993-07-07,mass,Midlands,mobile,active
C00000862,1988-09-05,mass,South West,web,active
C00000863,2008-10-02,affluent,South East,web,dormant
C00000864,1990-07-21,premier,South East,web,active
C00000865,1989-09-21,student,Midlands,mobile,active
C00000866,1966-01-13,mass,London,web,active
C00000867,1961-04-05,mass,North East,partner,active
C00000868,1982-11-30,business,Scotland,branch,active
C00000869,2017-05-23,mass,Scotland,mobile,active
C00000870,2012-09-28,mass,North West,mobile,active
C00000871,1996-02-29,mass,Scotland,mobile,active
C00000872,1996-04-08,affluent,North East,web,active
C00000873,1982-07-05,student,Scotland,mobile,active
C00000874,1970-03-16,premier,London,mobile,dormant
C00000875,1960-06-28,affluent,Midlands,mobile,active
C00000876,1979-06-25,mass,Wales,branch,dormant
C00000877,1978-03-12,mass,North East,mobile,active
C00000878,1971-01-06,mass,Midlands,web,active
C00000879,1974-11-25,mass,North East,mobile,active
C00000880,1961-06-05,mass,North East,mobile,dormant
C00000881,1994-12-15,mass,North West,web,active
C00000882,2013-04-28,mass,Scotland,branch,active
C00000883,1999-09-19,affluent,South East,mobile,active
C00000884,1985-10-08,affluent,South West,mobile,active
C00000885,1984-02-29,mass,Scotland,partner,active
C00000886,1977-09-06,mass,Midlands,web,active
C00000887,1968-03-09,premier,North East,mobile,active
C00000888,1994-05-30,premier,North West,branch,active
C00000889,1992-07-28,premier,North East,mobile,active
C00000890,1960-06-02,mass,North East,web,active
C00000891,1983-11-21,premier,South West,mobile,active
C00000892,1975-12-26,mass,Wales,web,active
C00000893,1969-10-15,mass,South West,web,active
C00000894,2000-06-02,mass,North East,mobile,dormant
C00000895,1990-03-26,mass,South East,web,active
C00000896,1996-06-09,mass,Scotland,partner,active
C00000897,2001-01-08,mass,London,mobile,active
C00000898,2016-06-12,premier,South West,web,active
C00000899,2006-02-26,mass,North West,web,active
C00000900,1995-09-01,mass,Wales,mobile,active
C00000901,2010-07-16,mass,North West,web,dormant
C00000902,1987-06-15,mass,South West,branch,active
C00000903,2016-08-14,mass,Wales,web,active
C00000904,2003-10-12,mass,Scotland,web,active
C00000905,1997-06-03,mass,North East,mobile,active
C00000906,2011-12-08,premier,Wales,mobile,active
C00000907,1989-08-12,student,North East,mobile,active
C00000908,2001-06-08,mass,North East,branch,dormant
C00000909,1976-05-15,affluent,Midlands,mobile,active
C00000910,2015-05-19,student,Wales,mobile,active
C00000911,1995-11-03,business,Scotland,mobile,closed
C00000912,2004-12-17,affluent,Midlands,mobile,active
C00000913,1986-06-28,student,Scotland,mobile,active
C00000914,2009-11-01,student,Midlands,web,active
C00000915,1964-04-06,premier,London,mobile,active
C00000916,1966-07-24,mass,Midlands,mobile,active
C00000917,1989-02-26,mass,South West,mobile,active
C00000918,2002-02-09,mass,Wales,mobile,active
C00000919,2006-07-11,mass,North West,web,dormant
C00000920,1985-04-20,mass,South East,mobile,active
C00000921,1997-05-09,mass,Wales,branch,active
C00000922,1991-10-20,affluent,Midlands,partner,active
C00000923,2015-04-13,affluent,Midlands,web,active
C00000924,1997-08-10,premier,North East,web,active
C00000925,1983-12-19,mass,South East,web,active
C00000926,2015-10-05,mass,Midlands,web,active
C00000927,1966-03-02,premier,London,mobile,active
C00000928,2016-08-10,student,South West,mobile,active
C00000929,1968-11-08,business,Wales,mobile,active
C00000930,1976-07-27,student,Scotland,mobile,active
C00000931,2007-03-25,student,South West,mobile,active
C00000932,2002-03-09,mass,Scotland,branch,active
C00000933,2015-10-16,mass,Wales,web,active
C00000934,2003-02-13,mass,North East,web,active
C00000935,1996-08-16,affluent,South West,web,active
C00000936,1979-12-03,student,North East,mobile,dormant
C00000937,1960-04-08,mass,Wales,mobile,active
C00000938,1967-02-14,affluent,South East,mobile,active
C00000939,1977-02-13,mass,North East,mobile,active
C00000940,1962-05-09,mass,Scotland,web,active
C00000941,1989-03-20,mass,South East,web,active
C00000942,2004-09-10,mass,Scotland,web,active
C00000943,2015-05-20,business,Midlands,web,active
C00000944,1988-02-26,mass,North East,partner,active
C00000945,2010-04-23,premier,London,mobile,active
C00000946,2016-08-30,affluent,Scotland,branch,active
C00000947,2009-06-08,mass,Scotland,branch,active
C00000948,1986-09-25,mass,North East,mobile,active
C00000949,1978-09-13,premier,Scotland,mobile,active
C00000950,2016-03-23,mass,Scotland,branch,dormant
C00000951,1973-11-28,student,Scotland,partner,active
C00000952,1983-08-31,mass,North West,mobile,active
C00000953,1964-04-03,affluent,South West,partner,active
C00000954,2005-08-19,premier,South East,web,active
C00000955,1997-05-12,mass,Wales,web,dormant
C00000956,1964-11-16,mass,London,web,active
C00000957,1972-10-04,business,London,mobile,active
C00000958,1991-12-08,mass,Midlands,web,active
C00000959,1991-01-26,mass,Wales,mobile,dormant
C00000960,2006-02-11,mass,South West,partner,active
C00000961,1975-04-20,mass,Midlands,mobile,active
C00000962,2013-03-01,premier,South East,mobile,active
C00000963,1985-07-21,premier,North East,web,active
C00000964,2007-04-18,mass,North East,web,active
C00000965,1973-09-15,premier,South West,mobile,active
C00000966,1962-02-15,mass,Midlands,web,active
C00000967,1963-03-02,mass,London,branch,active
C00000968,1981-06-05,affluent,Scotland,web,active
C00000969,2014-10-20,business,North East,mobile,active
C00000970,1962-10-19,mass,Scotland,mobile,active
C00000971,1981-03-19,mass,South West,branch,dormant
C00000972,1966-04-13,mass,North East,mobile,active
C00000973,2013-07-23,premier,North East,mobile,active
C00000974,1998-10-29,mass,Midlands,mobile,active
C00000975,2003-11-07,mass,North East,mobile,closed
C00000976,2001-01-03,premier,Midlands,mobile,active
C00000977,1997-10-10,mass,London,mobile,active
C00000978,2004-06-26,mass,North West,branch,active
C00000979,1960-06-19,mass,Midlands,web,active
C00000980,2009-10-04,mass,South West,partner,dormant
C00000981,2002-07-16,mass,Wales,mobile,active
C00000982,2002-07-07,student,Scotland,web,active
C00000983,1982-08-15,affluent,South East,branch,active
C00000984,2006-01-17,affluent,North West,branch,active
C00000985,1981-12-14,business,South West,web,active
C00000986,1962-10-25,mass,North West,web,active
C00000987,2012-03-12,mass,Midlands,web,active
C00000988,1973-06-26,student,Wales,branch,active
C00000989,1965-11-09,mass,North West,web,active
C00000990,1995-10-03,affluent,North East,mobile,active
C00000991,1973-06-07,premier,London,mobile,active
C00000992,2009-05-03,mass,Scotland,branch,active
C00000993,1985-07-06,mass,Scotland,partner,active
C00000994,1960-04-04,mass,London,branch,active
C00000995,2014-09-20,mass,Scotland,web,active
C00000996,1989-08-03,mass,Midlands,web,active
C00000997,1975-02-13,mass,London,web,active
C00000998,1998-12-10,premier,Midlands,web,active
C00000999,1990-07-04,student,North East,web,active
C00001000,1961-09-13,premier,London,mobile,active
C00000100,1977-11-03,student,North East,mobile,active
C00000101,2017-05-19,mass,North East,mobile,closed
