alert_id,transaction_id,alert_type,risk_score,alert_status,created_at
FA000000001,T000000005788,device_change,46.3,investigating,2026-04-04
FA000000002,T000000003694,merchant_risk,71.5,investigating,2025-12-24
FA000000003,T000000001541,device_change,58.7,investigating,2026-05-02
FA000000004,T000000003445,device_change,54.6,closed,2026-03-03
FA000000005,T000000002805,merchant_risk,47.1,closed,2026-04-14
FA000000006,T000000003117,device_change,38.0,closed,2025-10-08
FA000000007,T000000004755,location_anomaly,50.1,false_positive,2026-04-17
FA000000008,T000000000039,device_change,32.6,investigating,2026-07-14
FA000000009,T000000002078,velocity,37.2,investigating,2026-01-17
FA000000010,T000000003302,high_value,66.8,closed,2025-03-26
FA000000011,T000000001486,velocity,30.7,closed,2026-06-16
FA000000012,T000000005810,merchant_risk,29.7,closed,2026-03-02
FA000000013,T000000005397,merchant_risk,48.4,closed,2026-08-24
FA000000014,T000000002388,device_change,69.9,false_positive,2026-03-01
FA000000015,T000000000657,velocity,13.1,closed,2025-06-15
FA000000016,T000000000096,merchant_risk,78.6,open,2026-03-03
FA000000017,T000000001638,device_change,34.8,closed,2026-08-07
FA000000018,T000000001463,velocity,48.9,open,2025-09-28
FA000000019,T000000005476,merchant_risk,74.4,investigating,2025-04-10
FA000000020,T000000005678,velocity,7.5,closed,2026-04-01
FA000000021,T000000003266,high_value,31.7,false_positive,2025-07-17
FA000000022,T000000005376,location_anomaly,35.7,closed,2025-07-24
FA000000023,T000000000386,velocity,15.0,false_positive,2026-05-12
FA000000024,T000000002843,merchant_risk,26.0,open,2026-09-12
FA000000025,T000000001431,merchant_risk,34.5,closed,2025-10-02
FA000000026,T000000000703,merchant_risk,39.1,closed,2025-04-17
FA000000027,T000000001108,merchant_risk,76.4,closed,2025-10-18
FA000000028,T000000000473,high_value,60.0,closed,2025-12-15
FA000000029,T000000004307,merchant_risk,22.1,closed,2025-08-19
FA000000030,T000000005896,merchant_risk,20.1,closed,2025-06-18
FA000000031,T000000003021,velocity,64.3,closed,2025-09-20
FA000000032,T000000000387,device_change,38.2,closed,2025-11-03
FA000000033,T000000002774,merchant_risk,56.7,false_positive,2025-12-31
FA000000034,T000000002937,high_value,63.1,investigating,2026-01-23
FA000000035,T000000000173,velocity,28.5,false_positive,2026-02-07
FA000000036,T000000002454,device_change,7.3,open,2025-09-11
FA000000037,T000000004465,device_change,17.8,closed,2025-07-09
FA000000038,T000000004590,high_value,67.5,open,2026-04-10
FA000000039,T000000002050,velocity,47.6,closed,2026-03-20
FA000000040,T000000000436,device_change,7.9,investigating,2026-07-16
FA000000041,T000000000222,high_value,39.2,closed,2025-09-04
FA000000042,T000000002991,high_value,40.0,open,2026-04-22
FA000000043,T000000001604,device_change,21.0,investigating,2026-01-28
FA000000044,T000000005175,location_anomaly,43.9,open,2026-03-20
FA000000045,T000000001177,device_change,14.8,investigating,2026-03-23
FA000000046,T000000002472,device_change,28.6,false_positive,2025-05-24
FA000000047,T000000000596,location_anomaly,22.9,closed,2025-03-14
FA000000048,T000000004661,high_value,14.6,open,2026-04-06
FA000000049,T000000000585,velocity,33.4,closed,2025-01-06
FA000000050,T000000003268,velocity,64.9,open,2025-01-23
FA000000051,T000000001482,location_anomaly,61.0,investigating,2026-01-03
FA000000052,T000000001124,high_value,4.9,open,2025-10-19
FA000000053,T000000005289,location_anomaly,4.6,closed,2026-02-18
FA000000054,T000000004639,velocity,21.4,closed,2025-09-01
FA000000055,T000000000869,high_value,39.1,false_positive,2026-03-01
FA000000056,T000000001510,device_change,44.2,investigating,2025-01-09
FA000000057,T000000001361,device_change,14.0,investigating,2025-06-09
FA000000058,T000000003635,merchant_risk,9.1,false_positive,2026-04-04
FA000000059,T000000001890,device_change,26.2,investigating,2025-07-15
FA000000060,T000000001680,merchant_risk,33.4,closed,2025-09-05
FA000000061,T000000003150,velocity,2.0,false_positive,2026-07-12
FA000000062,T000000005983,merchant_risk,31.9,open,2025-12-25
FA000000063,T000000001379,location_anomaly,56.4,closed,2025-08-16
FA000000064,T000000001902,device_change,43.2,closed,2026-02-13
FA000000065,T000000005219,device_change,55.2,closed,2025-05-03
FA000000066,T000000001869,device_change,49.1,investigating,2026-03-16
FA000000067,T000000004620,location_anomaly,30.2,open,2025-09-09
FA000000068,T000000002853,device_change,33.9,closed,2026-08-04
FA000000069,T000000000919,velocity,43.4,false_positive,2026-05-20
FA000000070,T000000002245,merchant_risk,30.1,closed,2026-03-09
FA000000071,T000000005363,location_anomaly,23.5,open,2026-09-19
FA000000072,T000000004048,location_anomaly,9.4,open,2026-09-18
FA000000073,T000000004839,location_anomaly,62.8,closed,2026-03-30
FA000000074,T000000003437,merchant_risk,27.7,closed,2026-04-05
FA000000075,T000000005283,device_change,18.7,closed,2026-08-12
FA000000076,T000000002499,velocity,64.7,false_positive,2026-08-27
FA000000077,T000000004630,merchant_risk,53.1,false_positive,2026-07-15
FA000000078,T000000001032,device_change,74.4,false_positive,2026-05-26
FA000000079,T000000001122,high_value,10.6,closed,2026-04-30
FA000000080,T000000000874,location_anomaly,75.7,false_positive,2025-08-11
FA000000081,T000000002268,high_value,30.5,investigating,2025-06-10
FA000000082,T000000001594,location_anomaly,28.6,open,2026-02-12
FA000000083,T000000003306,location_anomaly,28.0,closed,2025-10-24
FA000000084,T000000005776,high_value,20.2,open,2025-07-14
FA000000085,T000000005347,high_value,7.8,closed,2025-07-22
FA000000086,T000000002902,high_value,67.3,false_positive,2026-09-13
FA000000087,T000000000444,high_value,38.1,closed,2025-11-05
FA000000088,T000000002759,device_change,33.0,closed,2025-11-11
FA000000089,T000000002022,velocity,82.7,open,2026-01-10
FA000000090,T000000003868,location_anomaly,41.9,false_positive,2026-09-20
FA000000091,T000000001171,location_anomaly,45.1,investigating,2025-04-17
FA000000092,T000000002274,merchant_risk,26.2,closed,2026-01-27
FA000000093,T000000000887,location_anomaly,62.5,false_positive,2025-06-28
FA000000094,T000000003846,location_anomaly,43.7,closed,2026-09-13
FA000000095,T000000002584,high_value,34.4,open,2026-07-29
FA000000096,T000000005907,device_change,21.6,closed,2025-03-21
FA000000097,T000000003275,high_value,33.3,investigating,2026-03-01
FA000000098,T000000003196,device_change,81.0,closed,2026-02-11
FA000000099,T000000005911,device_change,65.0,investigating,2025-09-18
FA000000100,T000000002139,location_anomaly,72.2,investigating,2026-07-12
FA000000101,T000000003905,velocity,15.7,closed,2026-04-14
FA000000102,T000000003125,device_change,13.3,closed,2025-10-18
FA000000103,T000000004543,device_change,18.8,closed,2026-09-19
FA000000104,T000000003032,location_anomaly,75.2,closed,2026-05-01
FA000000105,T000000002408,device_change,33.9,open,2025-01-13
FA000000106,T000000001752,merchant_risk,45.1,open,2025-05-21
FA000000107,T000000000506,velocity,6.8,open,2026-04-26
FA000000108,T000000001143,merchant_risk,49.8,closed,2025-12-16
FA000000109,T000000003327,device_change,59.9,investigating,2025-10-01
FA000000110,T000000004275,merchant_risk,40.3,investigating,2025-03-10
FA000000111,T000000003774,merchant_risk,52.0,closed,2025-03-30
FA000000112,T000000002982,device_change,48.8,closed,2026-08-30
FA000000113,T000000004909,device_change,68.6,investigating,2026-09-23
FA000000114,T000000001533,velocity,53.2,investigating,2026-09-01
FA000000115,T000000001981,velocity,17.7,open,2025-12-11
FA000000116,T000000004597,velocity,76.1,closed,2026-04-14
FA000000117,T000000002197,high_value,50.2,closed,2026-02-25
FA000000118,T000000005502,merchant_risk,40.7,closed,2025-08-31
FA000000119,T000000003469,device_change,54.1,closed,2026-05-23
FA000000120,T000000003502,device_change,23.2,false_positive,2026-09-27
FA000000121,T000000001477,device_change,47.7,closed,2026-05-25
FA000000122,T000000000350,high_value,40.6,open,2025-06-27
FA000000123,T000000004094,location_anomaly,51.7,closed,2025-04-16
FA000000124,T000000003297,high_value,36.0,investigating,2026-01-18
FA000000125,T000000000179,location_anomaly,12.7,investigating,2025-05-29
FA000000126,T000000003875,high_value,32.0,closed,2026-07-11
FA000000127,T000000000783,high_value,45.5,open,2026-06-22
FA000000128,T000000004872,velocity,36.2,closed,2025-02-14
FA000000129,T000000004315,device_change,54.1,closed,2025-09-08
FA000000130,T000000000898,device_change,72.1,closed,2026-09-16
FA000000131,T000000005910,merchant_risk,25.4,investigating,2025-03-13
FA000000132,T000000005188,high_value,94.1,investigating,2025-08-27
FA000000133,T000000002675,merchant_risk,13.6,open,2025-11-05
FA000000134,T000000003381,high_value,5.5,investigating,2026-07-16
FA000000135,T000000000674,device_change,62.8,false_positive,2025-04-10
FA000000136,T000000002639,high_value,65.9,closed,2025-09-30
FA000000137,T000000000677,location_anomaly,12.7,closed,2026-01-04
FA000000138,T000000000062,high_value,19.6,open,2025-11-08
FA000000139,T000000004180,location_anomaly,42.7,closed,2025-11-23
FA000000140,T000000001101,velocity,34.9,investigating,2026-05-13
FA000000141,T000000002764,device_change,54.1,closed,2025-05-07
FA000000142,T000000001670,location_anomaly,19.1,false_positive,2025-06-21
FA000000143,T000000003111,merchant_risk,62.2,closed,2025-09-08
FA000000144,T000000005570,high_value,26.1,closed,2025-06-21
FA000000145,T000000005300,high_value,55.5,closed,2026-04-09
FA000000146,T000000002309,velocity,36.0,open,2026-08-08
FA000000147,T000000001537,merchant_risk,54.7,closed,2025-10-23
FA000000148,T000000003248,velocity,56.2,closed,2026-07-02
FA000000149,T000000003482,velocity,21.8,false_positive,2026-02-23
FA000000150,T000000003806,location_anomaly,30.8,closed,2025-07-10
FA000000151,T000000002011,merchant_risk,21.2,closed,2026-03-02
FA000000152,T000000004584,merchant_risk,6.2,investigating,2025-02-06
FA000000153,T000000003841,merchant_risk,40.5,investigating,2025-05-14
FA000000154,T000000000955,location_anomaly,10.3,investigating,2025-03-21
FA000000155,T000000003182,location_anomaly,42.6,investigating,2025-01-26
FA000000156,T000000000758,merchant_risk,42.5,false_positive,2025-03-10
FA000000157,T000000005206,device_change,39.5,closed,2025-09-04
FA000000158,T000000004031,high_value,27.1,investigating,2025-06-20
FA000000159,T000000000071,merchant_risk,34.1,open,2025-06-03
FA000000160,T000000000990,device_change,22.5,open,2025-09-21
FA000000161,T000000001427,location_anomaly,77.3,closed,2025-10-06
FA000000162,T000000005667,high_value,36.2,open,2025-05-23
FA000000163,T000000001527,merchant_risk,28.3,closed,2026-03-22
FA000000164,T000000002294,velocity,6.3,open,2025-05-16
FA000000165,T000000003111,device_change,53.7,closed,2025-08-17
FA000000166,T000000004429,merchant_risk,91.9,false_positive,2025-01-19
FA000000167,T000000003719,device_change,25.5,open,2026-01-15
FA000000168,T000000001332,location_anomaly,46.0,open,2026-09-27
FA000000169,T000000005687,location_anomaly,66.0,investigating,2025-01-26
FA000000170,T000000001742,location_anomaly,25.6,closed,2025-06-11
FA000000171,T000000000777,device_change,66.3,false_positive,2025-10-10
FA000000172,T000000005509,location_anomaly,39.7,open,2025-03-17
FA000000173,T000000000056,location_anomaly,34.7,closed,2026-01-31
FA000000174,T000000001084,device_change,40.1,closed,2025-11-18
FA000000175,T000000003060,device_change,8.4,investigating,2025-11-19
FA000000176,T000000002536,velocity,9.2,closed,2025-12-24
FA000000177,T000000002070,location_anomaly,20.0,false_positive,2025-08-28
FA000000178,T000000005557,device_change,31.8,closed,2026-08-19
FA000000179,T000000003281,velocity,7.0,closed,2025-03-30
FA000000180,T000000001386,velocity,46.0,investigating,2026-03-13
FA000000181,T000000005769,device_change,24.3,closed,2025-05-03
FA000000182,T000000003750,location_anomaly,25.5,closed,2025-04-24
FA000000183,T000000001365,device_change,23.2,closed,2025-05-10
FA000000184,T000000001008,device_change,34.1,investigating,2025-03-10
FA000000185,T000000003771,merchant_risk,59.3,investigating,2025-12-17
FA000000186,T000000001226,device_change,22.3,false_positive,2025-10-17
FA000000187,T000000002633,location_anomaly,23.2,closed,2025-08-21
FA000000188,T000000001429,merchant_risk,43.3,closed,2025-08-28
FA000000189,T000000005416,location_anomaly,40.7,closed,2025-09-29
FA000000190,T000000005494,high_value,63.7,investigating,2026-01-16
FA000000191,T000000001917,high_value,64.0,closed,2025-05-25
FA000000192,T000000000618,high_value,46.1,false_positive,2026-07-15
FA000000193,T000000003027,merchant_risk,82.9,open,2026-08-10
FA000000194,T000000003068,location_anomaly,13.6,investigating,2026-08-02
FA000000195,T000000000586,merchant_risk,25.5,open,2025-10-12
FA000000196,T000000001076,high_value,60.3,closed,2025-08-29
FA000000197,T000000003568,high_value,45.0,closed,2025-08-26
FA000000198,T000000001272,location_anomaly,71.2,closed,2025-11-16
FA000000199,T000000003862,merchant_risk,33.4,closed,2026-03-27
FA000000200,T000000000315,location_anomaly,16.8,open,2026-05-04
FA000000201,T000000001795,velocity,21.7,open,2026-08-12
FA000000202,T000000001507,velocity,53.8,open,2026-03-28
FA000000203,T000000004594,velocity,23.5,open,2025-09-17
FA000000204,T000000000213,location_anomaly,26.0,closed,2025-07-05
FA000000205,T000000002274,location_anomaly,23.3,closed,2025-02-09
FA000000206,T000000000797,device_change,40.7,investigating,2026-08-18
FA000000207,T000000000941,velocity,20.0,false_positive,2025-01-04
FA000000208,T000000002017,merchant_risk,74.9,investigating,2025-03-23
FA000000209,T000000005757,device_change,7.5,closed,2025-08-14
FA000000210,T000000004011,high_value,40.0,closed,2026-08-18
FA000000211,T000000001840,location_anomaly,91.3,false_positive,2025-04-06
FA000000212,T000000001271,device_change,11.3,false_positive,2026-03-05
FA000000213,T000000002756,device_change,74.8,investigating,2025-11-12
FA000000214,T000000001261,velocity,19.4,investigating,2025-04-26
FA000000215,T000000002913,velocity,43.3,closed,2026-08-30
FA000000216,T000000004978,device_change,27.6,open,2025-01-08
FA000000217,T000000001618,merchant_risk,23.3,open,2025-01-04
FA000000218,T000000004636,location_anomaly,43.9,false_positive,2025-10-01
FA000000219,T000000000872,device_change,33.0,closed,2026-03-09
FA000000220,T000000003779,merchant_risk,46.1,open,2025-02-13
FA000000221,T000000000404,velocity,28.2,closed,2026-06-10
FA000000222,T000000002152,merchant_risk,40.9,closed,2026-05-09
FA000000223,T000000000953,merchant_risk,37.5,open,2025-06-16
FA000000224,T000000001549,velocity,18.8,false_positive,2025-11-02
FA000000225,T000000001290,device_change,41.1,investigating,2025-03-21
FA000000226,T000000004888,merchant_risk,52.3,closed,2026-03-23
FA000000227,T000000004559,velocity,67.4,investigating,2026-01-07
FA000000228,T000000003780,velocity,34.9,open,2026-05-09
FA000000229,T000000005276,high_value,2.7,closed,2025-06-09
FA000000230,T000000000675,high_value,51.3,investigating,2026-02-17
FA000000231,T000000001218,high_value,90.7,false_positive,2025-07-17
FA000000232,T000000000283,merchant_risk,32.1,closed,2025-09-12
FA000000233,T000000003740,velocity,28.2,investigating,2026-08-13
FA000000234,T000000000262,merchant_risk,11.3,open,2025-02-27
FA000000235,T000000003835,velocity,22.9,investigating,2026-01-12
FA000000236,T000000001765,high_value,75.8,false_positive,2025-05-25
FA000000237,T000000002292,velocity,34.8,false_positive,2025-01-15
FA000000238,T000000003886,device_change,16.2,open,2025-01-07
FA000000239,T000000001867,device_change,63.4,false_positive,2026-05-06
FA000000240,T000000001866,merchant_risk,46.7,closed,2026-05-03
FA000000241,T000000002048,high_value,50.3,false_positive,2026-01-17
FA000000242,T000000005764,location_anomaly,17.8,false_positive,2026-06-21
FA000000243,T000000003033,high_value,44.9,closed,2026-08-13
FA000000244,T000000002440,merchant_risk,10.2,open,2025-12-18
FA000000245,T000000005358,high_value,42.2,closed,2025-02-17
FA000000246,T000000005798,merchant_risk,33.9,open,2026-02-14
FA000000247,T000000005395,high_value,28.8,false_positive,2025-06-13
FA000000248,T000000004932,merchant_risk,68.6,false_positive,2026-07-13
FA000000249,T000000000976,velocity,37.7,open,2025-08-21
FA000000250,T000000001517,location_anomaly,47.1,closed,2026-08-11
FA000000251,T000000000203,device_change,49.7,investigating,2026-01-07
FA000000252,T000000003670,location_anomaly,32.2,closed,2025-12-11
FA000000253,T000000004198,high_value,38.0,open,2025-06-14
FA000000254,T000000001035,merchant_risk,22.8,open,2025-10-06
FA000000255,T000000004970,high_value,31.9,closed,2025-08-31
FA000000256,T000000004213,device_change,9.0,investigating,2025-07-04
FA000000257,T000000000143,merchant_risk,75.7,closed,2025-01-26
FA000000258,T000000000557,merchant_risk,43.4,closed,2025-07-28
FA000000259,T000000002334,velocity,15.8,closed,2025-07-09
FA000000260,T000000004339,high_value,29.1,false_positive,2025-10-25
FA000000261,T000000004882,merchant_risk,31.2,closed,2025-12-05
FA000000262,T000000004928,device_change,70.4,closed,2026-09-29
FA000000263,T000000001337,high_value,53.0,closed,2025-08-17
FA000000264,T000000004021,merchant_risk,83.5,closed,2025-08-30
FA000000265,T000000004624,velocity,18.4,closed,2025-12-21
FA000000266,T000000000393,velocity,55.3,closed,2026-03-25
FA000000267,T000000000469,merchant_risk,24.2,false_positive,2026-01-15
FA000000268,T000000001232,merchant_risk,12.4,false_positive,2025-12-27
FA000000269,T000000000298,location_anomaly,32.0,closed,2025-11-08
FA000000270,T000000000363,high_value,42.5,false_positive,2025-08-29
FA000000271,T000000002265,velocity,43.0,investigating,2026-06-27
FA000000272,T000000004901,device_change,62.8,closed,2026-03-22
FA000000273,T000000004578,velocity,41.0,closed,2025-04-20
FA000000274,T000000000010,high_value,20.6,closed,2026-08-28
FA000000275,T000000003787,merchant_risk,15.3,false_positive,2025-02-23
FA000000276,T000000002577,location_anomaly,70.1,investigating,2026-07-12
FA000000277,T000000003527,high_value,79.4,open,2025-08-22
FA000000278,T000000002124,merchant_risk,33.5,closed,2025-07-07
FA000000279,T000000000617,location_anomaly,8.4,closed,2025-12-18
FA000000280,T000000001134,location_anomaly,72.1,closed,2026-06-17
FA000000281,T000000002326,location_anomaly,53.9,closed,2025-06-16
FA000000282,T000000004216,location_anomaly,72.8,false_positive,2026-01-13
FA000000283,T000000004447,device_change,23.4,investigating,2026-01-14
FA000000284,T000000005613,velocity,60.9,closed,2025-05-27
FA000000285,T000000000009,location_anomaly,30.5,investigating,2026-01-24
FA000000286,T000000000563,high_value,41.9,closed,2025-11-05
FA000000287,T000000001508,velocity,59.2,closed,2026-01-16
FA000000288,T000000002141,location_anomaly,33.3,closed,2026-02-11
FA000000289,T000000004381,velocity,11.0,closed,2025-03-30
FA000000290,T000000003543,merchant_risk,22.0,closed,2025-10-05
FA000000291,T000000001786,device_change,40.9,investigating,2026-06-05
FA000000292,T000000005888,location_anomaly,34.0,closed,2025-06-01
FA000000293,T000000005066,device_change,44.4,closed,2025-07-18
FA000000294,T000000000309,high_value,62.5,investigating,2025-06-13
FA000000295,T000000004893,device_change,46.3,closed,2025-06-26
FA000000296,T000000004091,location_anomaly,18.5,false_positive,2025-07-15
FA000000297,T000000002476,location_anomaly,32.6,closed,2026-03-28
FA000000298,T000000002421,merchant_risk,28.9,closed,2025-03-22
FA000000299,T000000002216,location_anomaly,70.5,open,2025-05-09
FA000000300,T000000003879,velocity,21.9,open,2026-07-12
FA000000301,T000000000641,high_value,63.9,closed,2026-05-27
FA000000302,T000000004736,merchant_risk,32.3,closed,2026-04-22
FA000000303,T000000004541,merchant_risk,30.5,open,2026-05-16
FA000000304,T000000005805,merchant_risk,39.9,closed,2025-07-31
FA000000305,T000000003722,high_value,56.2,closed,2026-01-13
FA000000306,T000000003022,device_change,90.9,closed,2025-03-30
FA000000307,T000000003324,merchant_risk,43.5,closed,2026-09-12
FA000000308,T000000003836,device_change,23.3,closed,2025-10-20
FA000000309,T000000001304,device_change,7.7,open,2025-01-18
FA000000310,T000000004004,merchant_risk,16.9,closed,2025-04-16
FA000000311,T000000004931,high_value,29.9,open,2026-07-02
FA000000312,T000000005206,device_change,7.5,open,2026-06-29
FA000000313,T000000001545,merchant_risk,16.9,investigating,2025-08-10
FA000000314,T000000000006,high_value,27.2,closed,2025-11-21
FA000000315,T000000000627,velocity,30.9,closed,2025-12-26
FA000000316,T000000005854,high_value,41.6,closed,2025-11-03
FA000000317,T000000005710,device_change,29.8,false_positive,2026-01-31
FA000000318,T000000000247,location_anomaly,46.1,investigating,2025-09-08
FA000000319,T000000004182,merchant_risk,38.9,false_positive,2026-06-25
FA000000320,T000000005487,device_change,18.7,open,2025-05-26
FA000000321,T000000005945,device_change,69.8,closed,2025-06-30
FA000000322,T000000004706,device_change,26.1,closed,2026-05-25
FA000000323,T000000001112,location_anomaly,88.3,open,2026-04-21
FA000000324,T000000000897,high_value,13.8,closed,2025-10-19
FA000000325,T000000001517,location_anomaly,52.2,open,2026-03-19
FA000000326,T000000005439,location_anomaly,49.6,open,2025-11-05
FA000000327,T000000004267,high_value,17.8,closed,2026-06-10
FA000000328,T000000001929,high_value,41.2,closed,2026-03-09
FA000000329,T000000005023,velocity,22.8,closed,2026-08-05
FA000000330,T000000000650,merchant_risk,19.5,closed,2026-08-29
FA000000331,T000000000234,merchant_risk,37.3,closed,2026-09-17
FA000000332,T000000001029,velocity,44.4,investigating,2026-02-12
FA000000333,T000000000326,location_anomaly,15.0,closed,2026-08-02
FA000000334,T000000000197,device_change,75.7,closed,2026-01-26
FA000000335,T000000000083,velocity,51.4,open,2026-08-26
FA000000336,T000000003018,merchant_risk,7.9,open,2025-07-10
FA000000337,T000000002679,merchant_risk,26.7,false_positive,2025-06-30
FA000000338,T000000000895,device_change,61.6,closed,2026-04-06
FA000000339,T000000005527,high_value,80.8,closed,2025-01-11
FA000000340,T000000002503,device_change,58.8,open,2025-05-24
FA000000341,T000000000977,location_anomaly,34.4,closed,2026-03-16
FA000000342,T000000002452,high_value,12.1,closed,2025-04-17
FA000000343,T000000001517,device_change,24.1,closed,2026-03-14
FA000000344,T000000000955,location_anomaly,30.3,investigating,2025-04-24
FA000000345,T000000002319,location_anomaly,36.0,closed,2025-03-20
FA000000346,T000000000922,device_change,35.9,investigating,2025-12-14
FA000000347,T000000001301,high_value,75.1,closed,2026-04-25
FA000000348,T000000003483,high_value,33.7,investigating,2026-01-07
FA000000349,T000000005027,high_value,32.4,closed,2025-06-27
FA000000350,T000000000292,high_value,33.1,open,2025-07-13
FA000000351,T000000003094,location_anomaly,83.6,false_positive,2026-09-20
FA000000352,T000000003428,device_change,37.3,open,2025-08-16
FA000000353,T000000005174,velocity,33.3,investigating,2026-06-12
FA000000354,T000000004477,velocity,2.1,closed,2025-03-01
FA000000355,T000000003399,high_value,42.7,closed,2026-01-01
FA000000356,T000000004066,location_anomaly,23.8,open,2025-04-24
FA000000357,T000000000060,velocity,53.1,closed,2026-07-03
FA000000358,T000000002331,device_change,10.9,investigating,2026-07-24
FA000000359,T000000003505,device_change,48.0,closed,2026-04-08
FA000000360,T000000000183,velocity,57.0,investigating,2026-09-19
FA000000361,T000000002048,device_change,63.9,false_positive,2025-07-08
FA000000362,T000000000689,location_anomaly,38.3,investigating,2025-07-12
FA000000363,T000000004920,location_anomaly,59.8,false_positive,2025-06-16
FA000000364,T000000001171,device_change,70.2,closed,2025-08-16
FA000000365,T000000002250,velocity,39.9,open,2025-02-11
FA000000366,T000000001786,merchant_risk,51.4,open,2025-11-02
FA000000367,T000000002879,location_anomaly,84.8,closed,2025-06-15
FA000000368,T000000000502,velocity,31.3,closed,2025-05-23
FA000000369,T000000001713,merchant_risk,7.2,open,2026-09-12
FA000000370,T000000001234,device_change,63.1,closed,2026-05-14
FA000000371,T000000005325,high_value,26.6,open,2026-01-19
FA000000372,T000000002402,merchant_risk,70.7,investigating,2025-04-18
FA000000373,T000000001444,merchant_risk,80.4,false_positive,2025-01-06
FA000000374,T000000003241,device_change,58.7,closed,2025-05-20
FA000000375,T000000005144,location_anomaly,33.3,false_positive,2026-02-14
FA000000376,T000000005685,velocity,68.8,closed,2025-06-11
FA000000377,T000000002065,high_value,76.2,closed,2025-01-26
FA000000378,T000000001642,high_value,18.3,investigating,2025-09-09
FA000000379,T000000002175,merchant_risk,44.2,open,2026-04-10
FA000000380,T000000000684,high_value,60.2,closed,2025-05-05
FA000000381,T000000001536,merchant_risk,59.3,investigating,2025-07-10
FA000000382,T000000003166,high_value,51.5,investigating,2026-05-30
FA000000383,T000000002789,high_value,21.7,investigating,2025-12-31
FA000000384,T000000004002,device_change,81.6,closed,2026-05-15
FA000000385,T000000000730,velocity,52.5,open,2025-12-05
FA000000386,T000000002755,device_change,64.2,closed,2025-10-18
FA000000387,T000000003225,high_value,18.8,false_positive,2025-05-20
FA000000388,T000000003117,high_value,25.1,false_positive,2026-07-03
FA000000389,T000000004739,device_change,58.1,closed,2025-03-27
FA000000390,T000000005456,high_value,35.9,investigating,2026-01-24
FA000000391,T000000002691,device_change,12.2,false_positive,2025-04-20
FA000000392,T000000002357,device_change,55.8,open,2026-05-03
FA000000393,T000000004277,velocity,19.2,closed,2026-04-13
FA000000394,T000000005052,high_value,35.3,investigating,2025-08-23
FA000000395,T000000004311,high_value,23.8,closed,2025-07-23
FA000000396,T000000001473,velocity,61.0,closed,2026-06-07
FA000000397,T000000004492,velocity,74.1,false_positive,2026-08-07
FA000000398,T000000004590,location_anomaly,50.1,closed,2026-01-21
FA000000399,T000000003686,merchant_risk,60.2,closed,2026-02-19
FA000000400,T000000002097,location_anomaly,60.2,closed,2026-03-07
FA000000401,T000000003739,location_anomaly,28.8,closed,2025-09-21
FA000000402,T000000003412,merchant_risk,23.9,closed,2025-06-03
FA000000403,T000000003966,velocity,89.0,closed,2025-07-30
FA000000404,T000000004103,location_anomaly,28.7,false_positive,2025-02-07
FA000000405,T000000005282,device_change,62.5,closed,2025-04-29
FA000000406,T000000002765,merchant_risk,67.5,closed,2025-10-27
FA000000407,T000000000597,location_anomaly,21.3,false_positive,2025-12-14
FA000000408,T000000000197,location_anomaly,49.2,investigating,2026-09-23
FA000000409,T000000002300,device_change,31.9,closed,2026-02-16
FA000000410,T000000004981,velocity,60.6,open,2026-05-13
FA000000411,T000000005517,high_value,46.4,closed,2025-11-01
FA000000412,T000000000157,device_change,6.7,investigating,2025-07-08
FA000000413,T000000004846,merchant_risk,72.1,closed,2025-06-09
FA000000414,T000000003461,merchant_risk,43.1,closed,2025-03-12
FA000000415,T000000004695,velocity,18.0,investigating,2025-02-28
FA000000416,T000000001939,merchant_risk,47.4,investigating,2025-06-20
FA000000417,T000000001372,merchant_risk,45.3,closed,2025-12-26
FA000000418,T000000002697,high_value,38.0,closed,2025-08-19
FA000000419,T000000002628,location_anomaly,39.7,closed,2026-07-29
FA000000420,T000000003682,location_anomaly,50.1,investigating,2026-09-15
FA000000421,T000000005717,merchant_risk,51.5,investigating,2025-02-20
FA000000422,T000000001660,location_anomaly,32.7,investigating,2025-09-24
FA000000423,T000000002947,velocity,12.5,false_positive,2026-05-18
FA000000424,T000000001010,velocity,73.9,closed,2026-04-04
FA000000425,T000000005236,location_anomaly,26.4,closed,2025-08-12
FA000000426,T000000001501,velocity,48.4,open,2026-05-27
FA000000427,T000000005236,location_anomaly,25.2,open,2026-02-15
FA000000428,T000000003386,merchant_risk,23.9,investigating,2025-02-21
FA000000429,T000000002306,device_change,42.8,open,2026-07-17
FA000000430,T000000000265,device_change,74.2,closed,2026-05-24
FA000000431,T000000000001,location_anomaly,19.1,open,2025-10-26
FA000000432,T000000003200,high_value,55.4,investigating,2025-01-28
FA000000433,T000000004325,location_anomaly,16.8,investigating,2025-10-02
FA000000434,T000000001024,velocity,19.4,false_positive,2026-02-02
FA000000435,T000000005115,device_change,29.1,false_positive,2026-01-17
FA000000436,T000000000594,device_change,53.5,investigating,2026-04-26
FA000000437,T000000004032,high_value,41.5,open,2025-04-25
FA000000438,T000000000987,location_anomaly,39.9,false_positive,2025-06-28
FA000000439,T000000001283,velocity,29.7,investigating,2026-09-14
FA000000440,T000000005754,device_change,52.8,closed,2026-09-23
FA000000441,T000000003035,velocity,20.2,investigating,2025-06-16
FA000000442,T000000004257,merchant_risk,45.8,closed,2026-02-16
FA000000443,T000000002983,device_change,65.3,false_positive,2026-03-03
FA000000444,T000000000535,device_change,30.5,investigating,2026-04-10
FA000000445,T000000000350,velocity,13.3,false_positive,2025-11-22
FA000000446,T000000003640,location_anomaly,39.5,investigating,2026-06-27
FA000000447,T000000000937,location_anomaly,46.2,false_positive,2025-07-09
FA000000448,T000000005953,merchant_risk,27.7,open,2026-06-27
FA000000449,T000000000905,merchant_risk,12.6,closed,2026-09-18
FA000000450,T000000004640,location_anomaly,59.8,closed,2025-08-04
FA000000451,T000000005908,velocity,33.9,closed,2026-07-01
FA000000452,T000000004198,velocity,51.1,closed,2025-12-07
FA000000453,T000000002916,location_anomaly,58.1,investigating,2025-09-15
FA000000454,T000000002707,location_anomaly,56.8,closed,2025-08-31
FA000000455,T000000005758,velocity,33.7,investigating,2025-10-02
FA000000456,T000000004652,device_change,32.6,investigating,2025-02-20
FA000000457,T000000003979,velocity,60.4,open,2025-10-30
FA000000458,T000000000481,high_value,40.4,open,2026-06-05
FA000000459,T000000004133,velocity,48.5,false_positive,2025-04-23
FA000000460,T000000000554,velocity,38.7,investigating,2025-01-29
FA000000461,T000000000724,location_anomaly,48.1,closed,2026-08-08
FA000000462,T000000003727,high_value,49.5,false_positive,2026-06-07
FA000000463,T000000005404,location_anomaly,43.7,false_positive,2025-10-20
FA000000464,T000000003082,merchant_risk,25.8,false_positive,2026-08-07
FA000000465,T000000005860,location_anomaly,63.6,closed,2025-01-10
FA000000466,T000000001693,merchant_risk,21.8,closed,2025-10-01
FA000000467,T000000004966,merchant_risk,1.8,investigating,2026-07-20
FA000000468,T000000002467,merchant_risk,44.8,closed,2026-05-10
FA000000469,T000000005885,device_change,30.4,closed,2026-02-22
FA000000470,T000000005179,high_value,20.0,false_positive,2025-08-14
FA000000471,T000000003300,velocity,54.1,closed,2025-01-12
FA000000472,T000000003025,high_value,16.2,investigating,2026-09-05
FA000000473,T000000002748,velocity,18.7,false_positive,2025-03-25
FA000000474,T000000004392,location_anomaly,55.8,closed,2026-08-17
FA000000475,T000000001113,velocity,18.8,open,2025-12-21
FA000000476,T000000000652,device_change,23.0,closed,2025-11-11
FA000000477,T000000005925,high_value,58.6,open,2025-07-16
FA000000478,T000000001449,velocity,10.8,open,2025-06-18
FA000000479,T000000000435,location_anomaly,43.8,investigating,2025-02-21
FA000000480,T000000005006,high_value,71.7,closed,2025-06-12
FA000000481,T000000002583,device_change,52.0,investigating,2025-05-01
FA000000482,T000000003489,high_value,30.8,open,2025-03-23
FA000000483,T000000002600,merchant_risk,20.4,closed,2025-03-29
FA000000484,T000000000296,velocity,18.1,closed,2026-03-26
FA000000485,T000000001842,velocity,42.3,closed,2025-11-14
FA000000486,T000000003476,merchant_risk,24.7,closed,2025-12-07
FA000000487,T000000001177,velocity,77.9,closed,2025-12-31
FA000000488,T000000005288,high_value,55.7,closed,2025-09-07
FA000000489,T000000001306,device_change,59.7,closed,2026-06-27
FA000000490,T000000000896,location_anomaly,14.9,open,2026-06-12
FA000000491,T000000001023,velocity,21.1,closed,2025-02-20
FA000000492,T000000003007,high_value,39.0,closed,2026-02-18
FA000000493,T000000001530,device_change,52.3,closed,2025-04-07
FA000000494,T000000001355,device_change,15.7,open,2026-04-20
FA000000495,T000000004173,merchant_risk,51.2,closed,2026-06-08
FA000000496,T000000002119,high_value,63.8,open,2026-02-03
FA000000497,T000000001115,velocity,68.8,closed,2025-06-30
FA000000498,T000000002633,location_anomaly,66.7,closed,2025-10-02
FA000000499,T000000003155,location_anomaly,14.1,investigating,2025-08-04
FA000000500,T000000000346,high_value,18.1,closed,2025-09-04
